artist_name,track_name,track_id,album_name,album_id,release_date,popularity,explicit,danceability,energy,key,loudness,mode,speechiness,acousticness,instrumentalness,liveness,valence,tempo,time_signature,featured_artists,type,duration,year,month,day_of_the_week
Ed Sheeran,Shivers,50nfwKoDiSYg8zOCREWAm5,=,32iAEBstCjauDhyKpGjTuq,2021-10-25,83,False,0.788,0.859,D,-2.724,Major,0.0856,0.281,0.0,0.0424,0.822,141.02,4,[],Studio Album,03:27,2021,October,Monday
Ed Sheeran,Perfect,0tgVpDi06FyKpA1z0VMD4v,÷ (Deluxe),3T4tUhGYeRNVUGevb0wThu,2017-03-03,85,False,0.599,0.448,G#/Ab,-6.312,Major,0.0232,0.163,0.0,0.106,0.168,95.05,3,[],Studio Album,04:23,2017,March,Friday
Ed Sheeran,Shape of You,7qiZfU4dY1lWllzX7mPBI3,÷ (Deluxe),3T4tUhGYeRNVUGevb0wThu,2017-03-03,86,False,0.825,0.652,C#/Db,-3.183,Minor,0.0802,0.581,0.0,0.0931,0.931,95.977,4,[],Studio Album,03:53,2017,March,Friday
Ed Sheeran,Bad Habits,3rmo8F54jFF8OgYsqTxm5d,=,32iAEBstCjauDhyKpGjTuq,2021-10-25,80,False,0.807,0.893,B,-3.745,Minor,0.0347,0.0451,2.79e-05,0.366,0.537,126.011,4,[],Studio Album,03:50,2021,October,Monday
Ed Sheeran,Castle on the Hill,6PCUP3dWmTjcTtXY02oFdT,÷ (Deluxe),3T4tUhGYeRNVUGevb0wThu,2017-03-03,78,False,0.461,0.834,D,-4.868,Major,0.0989,0.0232,1.14e-05,0.14,0.471,135.007,4,[],Studio Album,04:21,2017,March,Friday
Ed Sheeran,Photograph,6fxVffaTuwjgEk5h9QyRjy,x (Wembley Edition),6NoBzYmh5gUusGPCfg0pct,2015-11-13,67,False,0.614,0.379,E,-10.48,Major,0.0476,0.607,0.000464,0.0986,0.201,107.989,4,[],Live Album,04:18,2015,November,Friday
Ed Sheeran,I Don't Care (with Justin Bieber),0hVXuCcriWRGvwMV1r5Yn9,No.6 Collaborations Project,3oIFxDIo2fwuk4lwCmFZCx,2019-07-12,78,False,0.798,0.676,F#/Gb,-5.041,Major,0.0442,0.0902,0.0,0.0894,0.843,101.956,4,['Justin Bieber'],Studio Album,03:39,2019,July,Friday
Ed Sheeran,Thinking out Loud,34gCuhDGsG4bRPIf9bb02f,x (Deluxe Edition),1xn54DMo2qIqBuMqHtUsFd,2014-06-21,80,False,0.781,0.445,D,-6.061,Major,0.0295,0.474,0.0,0.184,0.591,78.998,4,[],Studio Album,04:41,2014,June,Saturday
Ed Sheeran,Galway Girl,0afhq8XCExXpqazXczTSve,÷ (Deluxe),3T4tUhGYeRNVUGevb0wThu,2017-03-03,76,False,0.624,0.876,A,-3.374,Major,0.1,0.0735,0.0,0.327,0.781,99.943,4,[],Studio Album,02:50,2017,March,Friday
Ed Sheeran,Photograph,1HNkqx9Ahdgi1Ixy2xkKkL,x (Deluxe Edition),1xn54DMo2qIqBuMqHtUsFd,2014-06-21,84,False,0.614,0.379,E,-10.48,Major,0.0476,0.607,0.000464,0.0986,0.201,107.989,4,[],Studio Album,04:18,2014,June,Saturday
Ed Sheeran,The A Team,1VdZ0vKfR5jneCmWIUAMxK,+,0W5GGnapMz0VwemQvJDqa7,2011-09-09,71,False,0.642,0.289,A,-9.918,Major,0.0367,0.669,0.0,0.18,0.407,84.996,4,[],Studio Album,04:18,2011,September,Friday
Ed Sheeran,Thinking out Loud,1Slwb6dOYkBlWal1PGtnNg,x (Wembley Edition),6NoBzYmh5gUusGPCfg0pct,2015-11-13,63,False,0.781,0.445,D,-6.061,Major,0.0295,0.474,0.0,0.184,0.591,78.998,4,[],Live Album,04:41,2015,November,Friday
Ed Sheeran,Happier,2RttW7RAu5nOAfq6YFvApB,÷ (Deluxe),3T4tUhGYeRNVUGevb0wThu,2017-03-03,74,False,0.522,0.385,C,-7.355,Major,0.0288,0.536,0.0,0.135,0.236,89.792,4,[],Studio Album,03:27,2017,March,Friday
Ed Sheeran,Eyes Closed,3p7XQpdt8Dr6oMXSvRZ9bg,- (Deluxe),2WFFcvzM0CgLaSq4MSkyZk,2023-05-05,73,False,0.777,0.526,D,-6.221,Major,0.0645,0.302,0.0,0.105,0.389,107.071,4,[],Studio Album,03:14,2023,May,Friday
Ed Sheeran,South of the Border (feat. Camila Cabello & Cardi B),4vUmTMuQqjdnvlZmAH61Qk,No.6 Collaborations Project,3oIFxDIo2fwuk4lwCmFZCx,2019-07-12,70,False,0.857,0.621,A,-6.376,Minor,0.0825,0.148,0.0,0.0865,0.668,97.989,4,"['Camila Cabello', 'Cardi B']",Studio Album,03:24,2019,July,Friday
Ed Sheeran,Beautiful People (feat. Khalid),70eFcWOvlMObDhURTqT4Fv,No.6 Collaborations Project,3oIFxDIo2fwuk4lwCmFZCx,2019-07-12,69,False,0.64,0.647,F,-8.114,Minor,0.186,0.124,0.0,0.0801,0.546,92.979,4,['Khalid'],Studio Album,03:17,2019,July,Friday
Ed Sheeran,Supermarket Flowers,4VuS959DSpr82t3qBqCrWG,÷ (Deluxe),3T4tUhGYeRNVUGevb0wThu,2017-03-03,72,False,0.589,0.242,F#/Gb,-10.517,Major,0.0442,0.914,0.0,0.0887,0.257,89.749,4,[],Studio Album,03:41,2017,March,Friday
Ed Sheeran,I Don't Care (with Justin Bieber),3HVWdVOQ0ZA45FuZGSfvns,I Don't Care (with Justin Bieber),5Nux7ozBJ5KJ02QYWwrneR,2019-05-10,72,False,0.798,0.676,F#/Gb,-5.041,Major,0.0442,0.0902,0.0,0.0894,0.843,101.956,4,['Justin Bieber'],Single,03:39,2019,May,Friday
Ed Sheeran,Dive,51ChrwmUPDJvedPQnIU8Ls,÷ (Deluxe),3T4tUhGYeRNVUGevb0wThu,2017-03-03,71,False,0.761,0.386,E,-6.158,Major,0.0399,0.355,0.0,0.0953,0.526,134.943,3,[],Studio Album,03:58,2017,March,Friday
Ed Sheeran,Perfect Duet (Ed Sheeran & Beyoncé),1bhUWB0zJMIKr9yVPrkEuI,Perfect Duet (Ed Sheeran & Beyoncé),52kvZcbEDm0v2kWZQXjuuA,2017-11-30,66,False,0.587,0.299,G#/Ab,-7.365,Major,0.0263,0.779,0.0,0.123,0.356,94.992,3,['Beyoncé'],Single,04:19,2017,November,Thursday
Ed Sheeran,Don't,1huvTbEYtgltjQRXzrNKGi,x (Deluxe Edition),1xn54DMo2qIqBuMqHtUsFd,2014-06-21,69,False,0.806,0.608,C#/Db,-7.008,Major,0.0659,0.0113,0.0,0.635,0.849,95.049,4,[],Studio Album,03:39,2014,June,Saturday
Ed Sheeran,Life Goes On (feat. Luke Combs),63kLorCFyk4ZHMHPhcWOtO,Life Goes On (feat. Luke Combs),6fyUUW7ISpjbxCxaBHl1UN,2023-05-03,65,False,0.505,0.339,C#/Db,-7.507,Major,0.0341,0.743,0.0,0.201,0.415,153.675,4,['Luke Combs'],Single,03:30,2023,May,Wednesday
Ed Sheeran,Lego House,5ubHAQtKuFfiG4FXfLP804,+,02pi98kE0nra0yBqCStzbC,2011-09-09,69,False,0.592,0.637,B,-8.48,Major,0.0992,0.562,0.0,0.13,0.565,159.701,4,[],Studio Album,03:05,2011,September,Friday
Ed Sheeran,Beautiful People (feat. Khalid),4evmHXcjt3bTUHD1cvny97,Beautiful People (feat. Khalid),3E12WU80fDMyu7GyIAx7wJ,2019-06-28,67,False,0.64,0.648,F,-8.113,Minor,0.187,0.124,0.0,0.0802,0.548,92.977,4,['Khalid'],Single,03:17,2019,June,Friday
Ed Sheeran,Give Me Love,0SuG9kyzGRpDqrCWtgD6Lq,+,02pi98kE0nra0yBqCStzbC,2011-09-09,67,False,0.526,0.328,C#/Db,-9.864,Major,0.0461,0.694,0.0,0.112,0.11,116.068,4,[],Studio Album,08:46,2011,September,Friday
Ed Sheeran,Remember The Name (feat. Eminem & 50 Cent),0AtP8EkGPn6SwxKDaUuXec,No.6 Collaborations Project,3oIFxDIo2fwuk4lwCmFZCx,2019-07-12,65,True,0.852,0.666,B,-6.923,Minor,0.184,0.135,0.0,0.798,0.726,91.046,4,"['Eminem', '50 Cent']",Studio Album,03:27,2019,July,Friday
Ed Sheeran,Don't,6gTJaPuj8DT8RjuDJyBgzP,x (Wembley Edition),6NoBzYmh5gUusGPCfg0pct,2015-11-13,55,False,0.806,0.608,C#/Db,-7.008,Major,0.0659,0.0113,0.0,0.635,0.849,95.049,4,[],Live Album,03:39,2015,November,Friday
Ed Sheeran,Kiss Me,0Tel1fmuCxEFV6wBLXsEdk,+,02pi98kE0nra0yBqCStzbC,2011-09-09,65,False,0.589,0.227,D,-16.67,Major,0.0498,0.64,0.00469,0.0248,0.182,74.993,4,[],Studio Album,04:40,2011,September,Friday
Ed Sheeran,Perfect Symphony (Ed Sheeran & Andrea Bocelli),3zl7j5ua8mF4JDYuxrfo01,Perfect Symphony (Ed Sheeran & Andrea Bocelli),2MOs2gBy14kW9jYXbv2A3O,2017-12-15,64,False,0.544,0.417,G#/Ab,-4.387,Major,0.0247,0.586,0.0,0.085,0.207,95.156,3,['Andrea Bocelli'],Single,04:25,2017,December,Friday
Ed Sheeran,Nancy Mulligan,35QZaWQRkmnAVqBF1TLCxQ,÷ (Deluxe),3T4tUhGYeRNVUGevb0wThu,2017-03-03,63,False,0.68,0.852,G,-4.35,Major,0.0349,0.117,0.0,0.0866,0.858,101.993,4,[],Studio Album,02:59,2017,March,Friday
Ed Sheeran,Sing,6K8qKeWo5MsFED7wCR6Kop,x (Deluxe Edition),1xn54DMo2qIqBuMqHtUsFd,2014-06-21,66,False,0.818,0.67,G#/Ab,-4.451,Minor,0.0472,0.304,1.22e-06,0.0601,0.939,119.988,4,[],Studio Album,03:55,2014,June,Saturday
Ed Sheeran,Celestial,4zrKN5Sv8JS5mqnbVcsul7,Celestial,2W5VVBPNkGAduaArE4sX29,2022-09-29,67,False,0.574,0.852,D,-1.248,Major,0.0397,0.0529,0.0,0.161,0.501,123.038,4,[],Single,03:29,2022,September,Thursday
Ed Sheeran,The A Team,1XpYodsD36XN7ygcdF7mJJ,+,02pi98kE0nra0yBqCStzbC,2011-09-09,64,False,0.642,0.289,A,-9.918,Major,0.0367,0.669,0.0,0.18,0.407,84.996,4,[],Studio Album,04:18,2011,September,Friday
Ed Sheeran,BLOW (with Chris Stapleton & Bruno Mars),6EbduYTr62sSzvl36wWiFM,BLOW (with Chris Stapleton & Bruno Mars),4uoEruXjt0APvHaSqrwqPH,2019-07-05,61,False,0.631,0.796,C#/Db,-5.35,Major,0.0401,0.000245,0.0115,0.38,0.596,92.469,4,"['Chris Stapleton', 'Bruno Mars']",Single,03:29,2019,July,Friday
Ed Sheeran,Overpass Graffiti,4btFHqumCO31GksfuBLLv3,=,32iAEBstCjauDhyKpGjTuq,2021-10-25,65,False,0.52,0.849,A,-3.794,Minor,0.186,0.00253,0.0,0.119,0.774,175.908,4,[],Studio Album,03:56,2021,October,Monday
Ed Sheeran,Afterglow,0E4Y1XIbs8GrAT1YqVy6dq,Afterglow,5bb2Sf8jps2DTyI2urMThV,2020-12-21,66,False,0.641,0.324,B,-5.851,Major,0.0299,0.698,0.0,0.328,0.273,110.184,4,[],Single,03:05,2020,December,Monday
Ed Sheeran,Visiting Hours,0rt63HYAAIzUZo5O2D0uA6,=,32iAEBstCjauDhyKpGjTuq,2021-10-25,65,False,0.471,0.396,G#/Ab,-6.654,Major,0.0336,0.77,0.0,0.0729,0.263,149.609,4,[],Studio Album,03:35,2021,October,Monday
Ed Sheeran,What Do I Know?,2pJZ1v8HezrAoZ0Fhzby92,÷ (Deluxe),3T4tUhGYeRNVUGevb0wThu,2017-03-03,63,False,0.838,0.492,C#/Db,-5.69,Minor,0.038,0.251,0.0,0.262,0.895,115.092,4,[],Studio Album,03:57,2017,March,Friday
Ed Sheeran,2step,2SUxn2O9NHL6GHGQFgwCY0,=,32iAEBstCjauDhyKpGjTuq,2021-10-25,62,False,0.763,0.661,E,-5.592,Minor,0.056,0.169,0.0,0.117,0.632,95.002,4,[],Studio Album,02:33,2021,October,Monday
Ed Sheeran,Tenerife Sea,1HbcclMpw0q2WDWpdGCKdS,x (Deluxe Edition),1xn54DMo2qIqBuMqHtUsFd,2014-06-21,65,False,0.53,0.346,G#/Ab,-10.497,Major,0.0376,0.697,1.07e-05,0.105,0.359,121.876,4,[],Studio Album,04:01,2014,June,Saturday
Ed Sheeran,Tenerife Sea,6vSwxzO2Qf4BinHSXRwZJe,x (Wembley Edition),6NoBzYmh5gUusGPCfg0pct,2015-11-13,51,False,0.53,0.346,G#/Ab,-10.497,Major,0.0376,0.697,1.07e-05,0.105,0.359,121.876,4,[],Live Album,04:01,2015,November,Friday
Ed Sheeran,Antisocial (with Travis Scott),1DhRbox3xkceP64k3JeYfW,No.6 Collaborations Project,3oIFxDIo2fwuk4lwCmFZCx,2019-07-12,59,False,0.716,0.823,F,-5.313,Minor,0.0495,0.132,0.0,0.361,0.91,151.957,4,['Travis Scott'],Studio Album,02:41,2019,July,Friday
Ed Sheeran,2step (feat. Lil Baby),2UN0lp72LAusrXi8LLVomt,2step (feat. Lil Baby),6NPPPC6DxPvukxZcYVOBif,2022-04-22,59,False,0.693,0.643,E,-5.867,Minor,0.0828,0.138,0.0,0.108,0.477,95.055,4,['Lil Baby'],Single,02:43,2022,April,Friday
Ed Sheeran,The Joker And The Queen (feat. Taylor Swift),6N1K5OVVCopBjGViHs2IvP,The Joker And The Queen (feat. Taylor Swift),0vkAczpFKCazPKaoLtnBr0,2022-02-11,62,False,0.528,0.309,C,-7.398,Major,0.0329,0.924,2.1e-06,0.282,0.307,133.83,4,['Taylor Swift'],Single,03:05,2022,February,Friday
Ed Sheeran,Cross Me (feat. Chance the Rapper & PnB Rock),4wuCQX7JvAZLlrcmH4AeZF,No.6 Collaborations Project,3oIFxDIo2fwuk4lwCmFZCx,2019-07-12,57,True,0.746,0.787,E,-6.373,Major,0.12,0.212,0.0,0.0669,0.607,95.005,4,"['Chance the Rapper', 'PnB Rock']",Studio Album,03:26,2019,July,Friday
Ed Sheeran,Barcelona,3Lfiu5sZ4M4B6JaKMBc0FU,÷ (Deluxe),3T4tUhGYeRNVUGevb0wThu,2017-03-03,60,False,0.747,0.76,C#/Db,-4.294,Major,0.187,0.448,0.0,0.153,0.682,99.975,4,[],Studio Album,03:11,2017,March,Friday
Ed Sheeran,Merry Christmas,3bH2Eu9A9ymI4UnGHRmoXg,Merry Christmas,3pqY0b5nEKoWwSrrwMwqMK,2021-12-03,61,False,0.594,0.935,C,-2.018,Major,0.0357,0.243,2.36e-06,0.102,0.602,113.99,4,['Elton John'],Single,03:28,2021,December,Friday
Ed Sheeran,How Would You Feel (Paean),6PJ8FF6UR8FZXfEvpHkIVN,÷ (Deluxe),3T4tUhGYeRNVUGevb0wThu,2017-03-03,62,False,0.617,0.439,A,-5.63,Major,0.0269,0.424,0.0,0.127,0.242,139.979,4,[],Studio Album,04:40,2017,March,Friday
Ed Sheeran,Put It All on Me (feat. Ella Mai),5T03itPFOPGGkvVPvPiyla,No.6 Collaborations Project,3oIFxDIo2fwuk4lwCmFZCx,2019-07-12,57,False,0.627,0.594,G,-8.306,Major,0.0479,0.256,0.0,0.373,0.388,101.007,4,['Ella Mai'],Studio Album,03:17,2019,July,Friday
Ed Sheeran,Autumn Leaves - Deluxe Edition,7iBSkXB0pTvZasOLf0Qxk9,+,02pi98kE0nra0yBqCStzbC,2011-09-09,55,False,0.555,0.257,A#/Bb,-12.637,Major,0.0299,0.892,1.42e-06,0.124,0.431,89.013,4,[],Studio Album,03:20,2011,September,Friday
Ed Sheeran,BLOW (with Chris Stapleton & Bruno Mars),7hvO2qCwJVZxiyoA7c9i5d,No.6 Collaborations Project,3oIFxDIo2fwuk4lwCmFZCx,2019-07-12,54,False,0.631,0.796,C#/Db,-5.35,Major,0.0401,0.000245,0.0108,0.38,0.596,92.47,4,"['Chris Stapleton', 'Bruno Mars']",Studio Album,03:29,2019,July,Friday
Ed Sheeran,Bad Habits (feat. Bring Me The Horizon),7vrKEP66NdiQDPryPG6olO,Bad Habits (feat. Bring Me The Horizon),6YaoDGq5SqvjU4D9oMFj2d,2022-02-08,57,False,0.59,0.849,B,-4.691,Minor,0.0792,0.0305,0.0,0.11,0.178,131.018,4,['Bring Me The Horizon'],Single,04:10,2022,February,Tuesday
Ed Sheeran,All of the Stars,3Th56VIq2sEaEmPPETu7p5,x (Wembley Edition),6NoBzYmh5gUusGPCfg0pct,2015-11-13,48,False,0.54,0.557,B,-6.097,Major,0.0259,0.00886,0.000182,0.307,0.287,75.035,4,[],Live Album,03:57,2015,November,Friday
Ed Sheeran,Drunk,4RnCPWlBsY7oUDdyruod7Y,+,02pi98kE0nra0yBqCStzbC,2011-09-09,59,False,0.733,0.652,G,-9.101,Major,0.0696,0.419,2.37e-06,0.521,0.459,99.998,4,[],Studio Album,03:20,2011,September,Friday
Ed Sheeran,Bloodstream,5v4sZRuvWDcisoOk1PFv6T,x (Deluxe Edition),1xn54DMo2qIqBuMqHtUsFd,2014-06-21,61,False,0.66,0.316,D#/Eb,-11.567,Minor,0.0364,0.529,0.000294,0.104,0.543,91.207,4,[],Studio Album,05:00,2014,June,Saturday
Ed Sheeran,Curtains,6ZZf5a8oiInHDkBe9zXfLP,- (Deluxe),2WFFcvzM0CgLaSq4MSkyZk,2023-05-05,60,False,0.504,0.762,D,-6.42,Major,0.057,0.095,1.27e-06,0.338,0.44,176.013,4,[],Studio Album,03:44,2023,May,Friday
Ed Sheeran,First Times,5QYnNhTKsN3kE7OaqILA1U,=,32iAEBstCjauDhyKpGjTuq,2021-10-25,59,False,0.587,0.267,G#/Ab,-9.206,Major,0.0349,0.84,0.0,0.121,0.352,98.845,4,[],Studio Album,03:05,2021,October,Monday
Ed Sheeran,Take Me Back to London (feat. Stormzy),1AI7UPw3fgwAFkvAlZWhE0,No.6 Collaborations Project,3oIFxDIo2fwuk4lwCmFZCx,2019-07-12,61,True,0.885,0.762,G#/Ab,-5.513,Minor,0.216,0.219,0.0,0.162,0.605,138.058,4,['Stormzy'],Studio Album,03:09,2019,July,Friday
Ed Sheeran,New Man,5HDPtsnyb3maFmPL8LLUTG,÷ (Deluxe),3T4tUhGYeRNVUGevb0wThu,2017-03-03,58,False,0.78,0.745,G,-3.97,Major,0.145,0.0559,0.0,0.0595,0.862,94.026,4,[],Studio Album,03:09,2017,March,Friday
Ed Sheeran,Hearts Don't Break Around Here,2dfHh7ECGxfNqZTQno09Vk,÷ (Deluxe),3T4tUhGYeRNVUGevb0wThu,2017-03-03,58,False,0.604,0.366,G,-7.881,Major,0.0267,0.719,0.0,0.162,0.181,105.177,3,[],Studio Album,04:08,2017,March,Friday
Ed Sheeran,Boat,6jemILri7l5LuPhKs2nuXr,- (Deluxe),2WFFcvzM0CgLaSq4MSkyZk,2023-05-05,58,False,0.715,0.194,E,-8.615,Major,0.0329,0.726,1.14e-06,0.36,0.367,102.855,4,[],Studio Album,03:05,2023,May,Friday
Ed Sheeran,Bibia Be Ye Ye,6SznMYPQJHzr3IwsAHLId2,÷ (Deluxe),3T4tUhGYeRNVUGevb0wThu,2017-03-03,56,False,0.738,0.677,G,-5.121,Major,0.0824,0.52,0.0,0.133,0.882,127.067,4,[],Studio Album,02:56,2017,March,Friday
Ed Sheeran,American Town,4rDvBpFgKbgJepZTaP0rD6,Autumn Variations,5LXOgcszGvUkYzYL4v6wYg,2023-09-29,59,False,0.74,0.652,C,-5.668,Major,0.0601,0.736,0.0,0.348,0.715,105.025,4,[],Studio Album,03:17,2023,September,Friday
Ed Sheeran,I'm a Mess,0xCA70t1ZA4fa9UOE0lIJm,x (Deluxe Edition),1xn54DMo2qIqBuMqHtUsFd,2014-06-21,58,False,0.697,0.377,D#/Eb,-7.755,Major,0.0397,0.556,0.0,0.0999,0.336,138.754,4,[],Studio Album,04:04,2014,June,Saturday
Ed Sheeran,"You Need Me, I Don't Need You",5KL4iZkCTZyXl7KnHgfVDj,+,02pi98kE0nra0yBqCStzbC,2011-09-09,57,True,0.749,0.837,G,-8.837,Major,0.0512,0.162,0.0,0.525,0.927,103.483,4,[],Studio Album,03:40,2011,September,Friday
Ed Sheeran,Save Myself,6TIU9Ehmi6dMzZK73Ym4yj,÷ (Deluxe),3T4tUhGYeRNVUGevb0wThu,2017-03-03,57,False,0.552,0.29,A#/Bb,-5.617,Major,0.0448,0.85,0.0,0.227,0.481,78.842,4,[],Studio Album,04:07,2017,March,Friday
Ed Sheeran,Cross Me (feat. Chance the Rapper & PnB Rock),543bCW2ruMPmxUBWirQ3MR,Cross Me (feat. Chance the Rapper & PnB Rock),5MKInakULmoBNApeB2ZB3A,2019-05-24,54,True,0.746,0.787,E,-6.373,Major,0.12,0.214,0.0,0.0669,0.607,95.005,4,"['Chance the Rapper', 'PnB Rock']",Single,03:26,2019,May,Friday
Ed Sheeran,Best Part of Me (feat. YEBBA),0VsGaRXR5WAzpu51unJTis,No.6 Collaborations Project,3oIFxDIo2fwuk4lwCmFZCx,2019-07-12,56,False,0.565,0.243,D,-8.367,Major,0.0317,0.758,8.82e-06,0.285,0.239,81.655,4,['Yebba'],Studio Album,04:03,2019,July,Friday
Ed Sheeran,The Joker And The Queen (feat. Taylor Swift),2dk3qSc7779ecP8w6rNoT9,= (Tour Edition),2CIOGAByaHyjQ1EO55JSzC,2022-05-27,52,False,0.528,0.309,C,-7.398,Major,0.0329,0.924,2.1e-06,0.282,0.307,133.83,4,['Taylor Swift'],Compilation Album,03:05,2022,May,Friday
Ed Sheeran,Give Me Love,0o3wlw7aQMHwkaQiyAU60A,+-=÷× (Tour Collection),5xD1PSd5c5APDM0SdkkqnH,2024-09-27,50,False,0.37,0.39,C#/Db,-8.685,Major,0.0384,0.587,4.9e-06,0.0908,0.238,174.798,3,[],Compilation Album,05:23,2024,September,Friday
Ed Sheeran,Small Bump,4z1O25cq9g2kuJemmUxc21,+,02pi98kE0nra0yBqCStzbC,2011-09-09,57,False,0.81,0.436,A#/Bb,-12.683,Major,0.0717,0.689,0.000151,0.11,0.446,119.973,4,[],Studio Album,04:19,2011,September,Friday
Ed Sheeran,Make It Rain,5puU24G3lHVsUXPAWW2ZpV,x (Wembley Edition),6NoBzYmh5gUusGPCfg0pct,2015-11-13,44,False,0.618,0.239,G#/Ab,-8.371,Minor,0.0274,0.791,0.0,0.1,0.327,96.846,3,[],Live Album,06:44,2015,November,Friday
Ed Sheeran,Life Goes On,74eJR4gwG1ZmG4BFkbrOlA,- (Deluxe),2WFFcvzM0CgLaSq4MSkyZk,2023-05-05,56,False,0.58,0.302,C#/Db,-7.566,Major,0.0329,0.805,0.0,0.192,0.46,153.964,4,[],Studio Album,03:30,2023,May,Friday
Ed Sheeran,Sing,6u0oHknFYrnUd42A6rvFly,x (Wembley Edition),6NoBzYmh5gUusGPCfg0pct,2015-11-13,44,False,0.818,0.67,G#/Ab,-4.451,Minor,0.0472,0.304,1.22e-06,0.0601,0.939,119.988,4,[],Live Album,03:55,2015,November,Friday
Ed Sheeran,End Of Youth,0vber253Le8WWt7gKorVe9,- (Deluxe),2WFFcvzM0CgLaSq4MSkyZk,2023-05-05,56,False,0.66,0.445,C,-7.712,Minor,0.0372,0.499,0.0,0.115,0.338,143.189,4,[],Studio Album,03:51,2023,May,Friday
Ed Sheeran,Magical,20uknEOwx3PpiGL2Es2vCg,Autumn Variations,5LXOgcszGvUkYzYL4v6wYg,2023-09-29,55,False,0.658,0.632,G#/Ab,-8.492,Major,0.0298,0.748,7.33e-05,0.169,0.464,135.924,4,[],Studio Album,03:14,2023,September,Friday
Ed Sheeran,Collide,5sv0WnUs74Orn6GoPmC5im,=,32iAEBstCjauDhyKpGjTuq,2021-10-25,55,False,0.672,0.73,F,-4.77,Major,0.0372,0.113,0.0,0.0612,0.559,123.969,4,[],Studio Album,03:30,2021,October,Monday
Ed Sheeran,Baby One More Time - Recorded at Spotify Studios New York City,4mJDfMcT7odIUjWlb2WO4L,Spotify Singles,14mR6XKPmsxzvOYCkqubJF,2017-06-07,57,False,0.792,0.307,B,-6.224,Minor,0.0522,0.189,0.0,0.0834,0.631,104.511,4,[],Extended Play,02:57,2017,June,Wednesday
Ed Sheeran,One,5TvFfDlVoUWZvfqrhTJzD7,x (Deluxe Edition),1xn54DMo2qIqBuMqHtUsFd,2014-06-21,57,False,0.464,0.321,D,-11.12,Major,0.0418,0.877,0.0,0.0789,0.306,93.528,4,[],Studio Album,04:12,2014,June,Saturday
Ed Sheeran,The Hills of Aberfeldy,1eYafSv4c2aFNf98hSFHX0,- (Deluxe),2WFFcvzM0CgLaSq4MSkyZk,2023-05-05,54,False,0.322,0.202,G,-7.626,Major,0.0384,0.878,0.0,0.0982,0.26,52.994,3,[],Studio Album,03:15,2023,May,Friday
Ed Sheeran,Tides,2JiHR4gCDjXwYVRDmwdk95,=,32iAEBstCjauDhyKpGjTuq,2021-10-25,54,False,0.631,0.825,B,-3.971,Major,0.0433,0.0167,0.0,0.122,0.427,129.942,3,[],Studio Album,03:15,2021,October,Monday
Ed Sheeran,Eraser,7oolFzHipTMg2nL7shhdz2,÷ (Deluxe),3T4tUhGYeRNVUGevb0wThu,2017-03-03,54,False,0.64,0.812,G#/Ab,-5.647,Minor,0.0834,0.086,0.0,0.0509,0.914,86.013,4,[],Studio Album,03:47,2017,March,Friday
Ed Sheeran,Bad Habits (feat. Bring Me The Horizon),5L9Ptz7hUfTavjjdRRiNXR,= (Tour Edition),2CIOGAByaHyjQ1EO55JSzC,2022-05-27,46,False,0.59,0.849,B,-4.691,Minor,0.0792,0.0305,0.0,0.11,0.178,131.018,4,['Bring Me The Horizon'],Compilation Album,04:10,2022,May,Friday
Ed Sheeran,Love In Slow Motion,1i4F583d9v9RabcfOlKKVL,=,32iAEBstCjauDhyKpGjTuq,2021-10-25,52,False,0.485,0.54,C#/Db,-5.4,Major,0.0253,0.668,0.0,0.0849,0.426,62.631,4,[],Studio Album,03:10,2021,October,Monday
Ed Sheeran,Afire Love,12B0Twa9kRz45Xw2PgXHJm,x (Deluxe Edition),1xn54DMo2qIqBuMqHtUsFd,2014-06-21,54,False,0.552,0.637,F,-6.568,Major,0.0445,0.464,1.63e-05,0.136,0.333,97.97,4,[],Studio Album,05:14,2014,June,Saturday
Ed Sheeran,Salt Water,6UIcjH0BzH2MKvToeEYIOZ,- (Deluxe),2WFFcvzM0CgLaSq4MSkyZk,2023-05-05,52,False,0.586,0.373,E,-9.193,Major,0.0356,0.587,3.47e-06,0.0702,0.288,147.057,4,[],Studio Album,03:59,2023,May,Friday
Ed Sheeran,Runaway,2VmA7bm5ECiYZfw7x4Nzku,x (Deluxe Edition),1xn54DMo2qIqBuMqHtUsFd,2014-06-21,53,False,0.767,0.449,G#/Ab,-7.158,Minor,0.0364,0.024,0.000299,0.151,0.908,95.03,4,[],Studio Album,03:25,2014,June,Saturday
Ed Sheeran,Best Part of Me (feat. YEBBA),5ug4vqGZ3eisGhY1IsziNX,Best Part of Me (feat. YEBBA),6Z5DhADmyybfKNdymaPLjB,2019-07-05,53,False,0.565,0.242,D,-8.367,Major,0.0318,0.762,9.3e-06,0.285,0.237,81.657,4,['Yebba'],Single,04:03,2019,July,Friday
Ed Sheeran,One Life,5DXKvETa1xppOmd4CDxs9S,= (Tour Edition),2CIOGAByaHyjQ1EO55JSzC,2022-05-27,50,False,0.573,0.593,F#/Gb,-7.225,Major,0.0299,0.114,2.65e-06,0.122,0.425,159.978,4,[],Compilation Album,03:51,2022,May,Friday
Ed Sheeran,Dusty,4u4A4lPpiw54evLxTaLeRJ,- (Deluxe),2WFFcvzM0CgLaSq4MSkyZk,2023-05-05,52,False,0.714,0.531,D,-9.559,Major,0.0327,0.267,0.011,0.112,0.594,146.972,4,[],Studio Album,03:42,2023,May,Friday
Ed Sheeran,Sandman,2Ldb2ytuC9AxhpAkVEJBI6,=,32iAEBstCjauDhyKpGjTuq,2021-10-25,51,False,0.822,0.3,C,-8.034,Major,0.0673,0.882,9.15e-05,0.0665,0.734,125.951,4,[],Studio Album,04:19,2021,October,Monday
Ed Sheeran,Vega,1DSwFkEe28GSFmdIK92OFX,- (Deluxe),2WFFcvzM0CgLaSq4MSkyZk,2023-05-05,53,False,0.746,0.403,A#/Bb,-7.865,Major,0.0387,0.806,0.0,0.134,0.356,123.954,4,[],Studio Album,02:58,2023,May,Friday
Ed Sheeran,Colourblind,290x9rCh2EWcJ9YKpfiI9z,- (Deluxe),2WFFcvzM0CgLaSq4MSkyZk,2023-05-05,52,False,0.423,0.302,C,-8.724,Major,0.0413,0.828,5.51e-06,0.0758,0.151,169.868,3,[],Studio Album,03:29,2023,May,Friday
Ed Sheeran,Stop The Rain,0VuDtcT7H4CAljLZEH021x,=,32iAEBstCjauDhyKpGjTuq,2021-10-25,51,False,0.686,0.765,G#/Ab,-4.778,Major,0.118,0.0122,0.0,0.127,0.743,99.998,4,[],Studio Album,03:23,2021,October,Monday
Ed Sheeran,One,0A2J5TumCpT4aJVvQHNEQW,x (Wembley Edition),6NoBzYmh5gUusGPCfg0pct,2015-11-13,40,False,0.464,0.321,D,-11.12,Major,0.0418,0.877,0.0,0.0789,0.306,93.528,4,[],Live Album,04:12,2015,November,Friday
Ed Sheeran,Blue,3SWLFqvadQmOMpEfrp4FMU,Autumn Variations,5LXOgcszGvUkYzYL4v6wYg,2023-09-29,51,False,0.668,0.314,A,-8.275,Minor,0.0298,0.888,0.0,0.222,0.414,78.019,1,[],Studio Album,02:33,2023,September,Friday
Ed Sheeran,Shivers (feat. Jessi & SUNMI),1A3T3npKsrElQTjTEcr3LR,Shivers (feat. Jessi & SUNMI),7HRCvQbIY5cRkgCkSM0vO3,2021-10-28,51,False,0.739,0.873,D,-2.595,Major,0.0878,0.268,0.0,0.0454,0.863,141.026,4,"['Jessi', 'SUNMI']",Single,03:27,2021,October,Thursday
Ed Sheeran,Afterglow,5hyNzOLHCyYjvrIVIIVIWI,= (Tour Edition),2CIOGAByaHyjQ1EO55JSzC,2022-05-27,47,False,0.641,0.324,B,-5.851,Major,0.0299,0.698,0.0,0.328,0.273,110.184,4,[],Compilation Album,03:05,2022,May,Friday
Ed Sheeran,Wake Me Up,0ygAYQQy7bfDN6gH640bbl,+,02pi98kE0nra0yBqCStzbC,2011-09-09,49,True,0.616,0.209,A,-13.43,Major,0.406,0.902,0.0,0.139,0.336,86.891,1,[],Studio Album,03:49,2011,September,Friday
Ed Sheeran,Sycamore,3qwxZ8ygOYSWE790KcfgU1,- (Deluxe),2WFFcvzM0CgLaSq4MSkyZk,2023-05-05,51,False,0.581,0.341,C,-8.057,Major,0.0343,0.719,0.0,0.239,0.367,134.12,3,[],Studio Album,02:50,2023,May,Friday
Ed Sheeran,F64,5DFi6D7SrYHRIgZbY5MqqE,F64,5SNPs8Oz8Nmhv0MA6YnJpE,2023-01-19,53,True,0.751,0.618,F#/Gb,-6.643,Minor,0.324,0.596,0.0,0.129,0.707,93.728,4,[],Single,03:24,2023,January,Thursday
Ed Sheeran,I Don't Want Your Money (feat. H.E.R.),3FHXUqaUer9o231Je1zxIN,No.6 Collaborations Project,3oIFxDIo2fwuk4lwCmFZCx,2019-07-12,46,False,0.468,0.63,G#/Ab,-6.536,Minor,0.0843,0.31,0.0,0.137,0.762,91.419,4,['H.E.R.'],Studio Album,03:24,2019,July,Friday
Ed Sheeran,Leave Your Life,0YbI9lWxUBsCJLb6EBydkr,=,32iAEBstCjauDhyKpGjTuq,2021-10-25,51,False,0.578,0.558,D,-5.438,Major,0.0872,0.236,0.0,0.143,0.54,75.087,4,[],Studio Album,03:43,2021,October,Monday
Ed Sheeran,U.N.I.,5Ukzlujip1Slqka5OY82YS,+,02pi98kE0nra0yBqCStzbC,2011-09-09,49,False,0.422,0.405,F#/Gb,-11.126,Major,0.101,0.323,0.0,0.15,0.578,74.13,4,[],Studio Album,03:48,2011,September,Friday
Ed Sheeran,Nina,3GKSfF6c3Rv3a1knSjxnXa,x (Deluxe Edition),1xn54DMo2qIqBuMqHtUsFd,2014-06-21,52,False,0.791,0.669,F#/Gb,-7.189,Minor,0.146,0.175,0.0,0.33,0.809,92.013,4,[],Studio Album,03:45,2014,June,Saturday
Ed Sheeran,Cold Coffee,4THoSHxiabL1rd59iVWu2T,5,2hyDesSAYNefikDJXlqhPE,2014-06-20,51,False,0.544,0.529,F#/Gb,-6.753,Major,0.0256,0.453,0.0,0.131,0.403,92.936,4,[],Compilation Album,04:14,2014,June,Friday
Ed Sheeran,2step (feat. Lil Baby),1qqSQhDwPXl8WY0Fxx9kIt,2step (The Remixes),0a28QsFN8zbrWSvbSQ40PI,2021-10-25,46,False,0.693,0.643,E,-5.867,Minor,0.0828,0.138,0.0,0.108,0.477,95.055,4,['Lil Baby'],Remix Album,02:43,2021,October,Monday
Ed Sheeran,Spark,26J3f0d3ZuN7g66xBdey8o,- (Deluxe),2WFFcvzM0CgLaSq4MSkyZk,2023-05-05,50,False,0.564,0.591,C,-7.456,Minor,0.0318,0.745,0.000246,0.0937,0.403,172.057,4,[],Studio Album,03:34,2023,May,Friday
Ed Sheeran,1000 Nights (feat. Meek Mill & A Boogie Wit da Hoodie),4vIKzWqtn44umal5jXq4wE,No.6 Collaborations Project,3oIFxDIo2fwuk4lwCmFZCx,2019-07-12,45,False,0.778,0.589,G#/Ab,-5.548,Major,0.269,0.467,0.0,0.0902,0.513,98.001,4,"['Meek Mill', 'A Boogie Wit da Hoodie']",Studio Album,03:32,2019,July,Friday
Ed Sheeran,Borderline,0bCnvkP7PYCJV64sQLl5mm,- (Deluxe),2WFFcvzM0CgLaSq4MSkyZk,2023-05-05,49,False,0.497,0.317,A,-9.935,Major,0.0289,0.943,2.32e-05,0.0943,0.272,139.942,4,[],Studio Album,03:57,2023,May,Friday
Ed Sheeran,The Joker And The Queen,3NuLxTXowTRcguTh9RsPmM,=,32iAEBstCjauDhyKpGjTuq,2021-10-25,51,False,0.567,0.211,C,-9.975,Major,0.0315,0.952,5.24e-05,0.275,0.289,134.019,4,[],Studio Album,03:05,2021,October,Monday
Ed Sheeran,This,0pJfsPQesJyCnR5XWZyvj9,+,02pi98kE0nra0yBqCStzbC,2011-09-09,48,False,0.588,0.0929,B,-14.301,Major,0.0443,0.95,0.00539,0.128,0.502,152.139,4,[],Studio Album,03:15,2011,September,Friday
Ed Sheeran,No Strings,09UTOp33EhOSWzvGL0YOws,- (Deluxe),2WFFcvzM0CgLaSq4MSkyZk,2023-05-05,49,False,0.656,0.348,C,-6.347,Major,0.0271,0.857,0.0,0.11,0.279,80.965,4,[],Studio Album,02:54,2023,May,Friday
Ed Sheeran,Nothing On You (feat. Paulo Londra & Dave),2qRN7PWiHRLprw4FpDeI9N,No.6 Collaborations Project,3oIFxDIo2fwuk4lwCmFZCx,2019-07-12,52,False,0.747,0.649,G#/Ab,-6.218,Major,0.218,0.333,0.0,0.172,0.84,88.011,4,"['Paulo Londra', 'Dave']",Studio Album,03:20,2019,July,Friday
Ed Sheeran,Be Right Now,3BiiSLo0wyHAY7lpCEO6ge,=,32iAEBstCjauDhyKpGjTuq,2021-10-25,49,False,0.501,0.684,B,-6.706,Major,0.0566,0.00494,0.000478,0.0524,0.442,131.952,4,[],Studio Album,03:31,2021,October,Monday
Ed Sheeran,Lego House,53Pgsvu3qSYO2aXt5J2vcL,+,0W5GGnapMz0VwemQvJDqa7,2011-09-09,48,False,0.592,0.637,B,-8.48,Major,0.0992,0.562,0.0,0.13,0.565,159.701,4,[],Studio Album,03:05,2011,September,Friday
Ed Sheeran,Punchline,4gqRVDvnILW0cvBWZzKcRf,Autumn Variations,5LXOgcszGvUkYzYL4v6wYg,2023-09-29,46,False,0.534,0.407,B,-7.994,Major,0.0261,0.844,0.0,0.113,0.616,154.059,4,[],Studio Album,03:26,2023,September,Friday
Ed Sheeran,American Town,19eUFBAnHBuTz6TCJXhu7h,Autumn Variations,4JBIPXbjtBx7keWjTnGYeJ,2023-09-29,51,False,0.74,0.652,C,-5.668,Major,0.0601,0.736,0.0,0.348,0.715,105.025,4,[],Studio Album,03:17,2023,September,Friday
Ed Sheeran,Stoned - Bonus Track,5M12X6gQDoMMqqlRDg5Bfo,- (Deluxe),2WFFcvzM0CgLaSq4MSkyZk,2023-05-05,48,False,0.692,0.323,C#/Db,-7.084,Minor,0.0301,0.786,0.0,0.0938,0.377,119.973,4,[],Studio Album,03:17,2023,May,Friday
Ed Sheeran,Touch and Go,763p5nkQytkOE7xmsFyu8y,x (Wembley Edition),6NoBzYmh5gUusGPCfg0pct,2015-11-13,37,False,0.812,0.542,G,-5.403,Minor,0.0444,0.294,6.92e-05,0.141,0.733,110.268,4,[],Live Album,04:00,2015,November,Friday
Ed Sheeran,Way To Break My Heart (feat. Skrillex),5d1rmWWF1725tnYjq6rMDB,No.6 Collaborations Project,3oIFxDIo2fwuk4lwCmFZCx,2019-07-12,46,False,0.726,0.731,C#/Db,-6.298,Minor,0.159,0.11,3.45e-06,0.0928,0.437,170.125,4,['Skrillex'],Studio Album,03:10,2019,July,Friday
Ed Sheeran,Bloodstream,5mxTOMM0NiRud8VdBxbA2o,x (Wembley Edition),6NoBzYmh5gUusGPCfg0pct,2015-11-13,36,False,0.66,0.316,D#/Eb,-11.567,Minor,0.0364,0.529,0.000294,0.104,0.543,91.207,4,[],Live Album,05:00,2015,November,Friday
Ed Sheeran,Little Bird - Deluxe Edition,4bcgRbGeq4IejesjsiHyTH,+,02pi98kE0nra0yBqCStzbC,2011-09-09,46,False,0.843,0.425,G#/Ab,-8.676,Major,0.0352,0.565,0.0,0.102,0.284,104.02,4,[],Studio Album,03:44,2011,September,Friday
Ed Sheeran,Grade 8,0obzwoGjXdORtAwYWZ9s53,+,02pi98kE0nra0yBqCStzbC,2011-09-09,47,False,0.74,0.807,C,-9.976,Minor,0.0363,0.0446,4.02e-05,0.0538,0.781,101.042,4,[],Studio Album,02:59,2011,September,Friday
Ed Sheeran,Take It Back,2dmOWlEHrP266Qgz6wnUrd,x (Deluxe Edition),1xn54DMo2qIqBuMqHtUsFd,2014-06-21,48,False,0.754,0.613,F,-6.342,Major,0.229,0.318,0.0,0.335,0.904,113.196,4,[],Studio Album,03:28,2014,June,Saturday
Ed Sheeran,Perfect,2R0FW1n6cOkQDJhAkQENsf,Perfect,34MK1MIhRB9evwfomSyMig,2017-07-21,43,False,0.538,0.215,G#/Ab,-13.881,Major,0.0608,0.979,0.901,0.0876,0.112,179.199,3,['The Piano Guys'],Single,05:10,2017,July,Friday
Ed Sheeran,Wildflowers - Bonus Track,75To9uF11PYY0vAkXnDWvW,- (Deluxe),2WFFcvzM0CgLaSq4MSkyZk,2023-05-05,47,False,0.756,0.247,G,-8.956,Major,0.0326,0.883,0.00799,0.0889,0.158,131.985,4,[],Studio Album,02:58,2023,May,Friday
Ed Sheeran,Toughest - Bonus Track,0C1dOJr5ae2tJSUGxMXTcC,- (Deluxe),2WFFcvzM0CgLaSq4MSkyZk,2023-05-05,47,False,0.63,0.548,D#/Eb,-6.996,Major,0.0339,0.53,0.0,0.111,0.443,133.309,4,[],Studio Album,03:33,2023,May,Friday
Ed Sheeran,Moving - Bonus Track,0Himk13I9FPFVwSyPhU3WD,- (Deluxe),2WFFcvzM0CgLaSq4MSkyZk,2023-05-05,47,False,0.616,0.404,G,-6.637,Major,0.0314,0.747,0.0,0.27,0.726,75.007,4,[],Studio Album,03:35,2023,May,Friday
Ed Sheeran,Even My Dad Does Sometimes,0N5zjRnf8AreOm95iSBXF4,x (Deluxe Edition),1xn54DMo2qIqBuMqHtUsFd,2014-06-21,49,False,0.58,0.318,D,-8.926,Major,0.0279,0.756,0.000171,0.117,0.295,129.757,3,[],Studio Album,03:48,2014,June,Saturday
Ed Sheeran,The A Team,5smRnVMA4styRxLg68StSC,+-=÷× (Tour Collection),5xD1PSd5c5APDM0SdkkqnH,2024-09-27,48,False,0.642,0.289,A,-9.918,Major,0.0366,0.669,0.0,0.18,0.408,84.992,4,[],Compilation Album,04:18,2024,September,Friday
Ed Sheeran,The Man,1gHF0I223J5pv06SuBcmkz,x (Deluxe Edition),1xn54DMo2qIqBuMqHtUsFd,2014-06-21,48,False,0.759,0.725,B,-7.006,Minor,0.158,0.576,0.0,0.0771,0.619,87.467,4,[],Studio Album,04:10,2014,June,Saturday
Ed Sheeran,Shirtsleeves,7awwmuGslmuyhnlpFipDqk,x (Deluxe Edition),1xn54DMo2qIqBuMqHtUsFd,2014-06-21,47,False,0.752,0.76,D,-5.34,Major,0.0341,0.319,0.0,0.335,0.752,107.034,4,[],Studio Album,03:10,2014,June,Saturday
Ed Sheeran,Remember The Name (feat. Eminem & 50 Cent),6jin465re80co3DeK8hsns,Remember The Name (feat. Eminem & 50 Cent),1GHkv48TNqI8MKWJ1FwKFC,2019-07-11,43,True,0.852,0.666,B,-6.923,Minor,0.184,0.135,0.0,0.798,0.726,91.046,4,"['Eminem', '50 Cent']",Single,03:27,2019,July,Thursday
Ed Sheeran,I'm a Mess,3KiktyOxQd2Z0bmnabgRq2,x (Wembley Edition),6NoBzYmh5gUusGPCfg0pct,2015-11-13,35,False,0.697,0.377,D#/Eb,-7.755,Major,0.0397,0.556,0.0,0.0999,0.336,138.754,4,[],Live Album,04:04,2015,November,Friday
Ed Sheeran,Plastic Bag,1qvqgg3r67ayzIfuBMTJSV,Autumn Variations,5LXOgcszGvUkYzYL4v6wYg,2023-09-29,44,True,0.713,0.727,G,-6.551,Major,0.0528,0.621,0.0,0.0751,0.384,120.016,4,[],Studio Album,03:49,2023,September,Friday
Ed Sheeran,Gold Rush - Deluxe Edition,4mT5mVFaU7trA3UdbGqfB9,+,02pi98kE0nra0yBqCStzbC,2011-09-09,45,False,0.74,0.248,E,-12.659,Major,0.109,0.729,0.0,0.141,0.889,83.786,4,[],Studio Album,04:03,2011,September,Friday
Ed Sheeran,Bad Habits (feat. Tion Wayne & Central Cee) [Fumez The Engineer Remix],0VcgLoEMA06AKqPxxj2YQs,Bad Habits (feat. Tion Wayne & Central Cee) [Fumez The Engineer Remix],2P9CbLPTyNRf5OAOEs7g6C,2021-08-12,53,True,0.726,0.818,B,-6.238,Minor,0.319,0.229,0.0,0.0544,0.679,140.042,4,"['Tion Wayne', 'Central Cee', 'Fumez The Engineer']",Single,03:42,2021,August,Thursday
Ed Sheeran,Amazing,4fUMgL19kixzHhrttFZXsD,Autumn Variations,5LXOgcszGvUkYzYL4v6wYg,2023-09-29,44,False,0.809,0.664,C,-7.265,Major,0.0373,0.429,1.55e-06,0.131,0.374,116.996,4,[],Studio Album,04:05,2023,September,Friday
Ed Sheeran,The City,4ucfQOYOe1Jz5KqCfpGobp,+,02pi98kE0nra0yBqCStzbC,2011-09-09,45,False,0.74,0.505,E,-10.338,Minor,0.0674,0.0415,6.82e-05,0.0707,0.646,97.994,4,[],Studio Album,03:54,2011,September,Friday
Ed Sheeran,Feels (feat. Young Thug & J Hus),1Bdptrvb7nQkq8kCw3siE9,No.6 Collaborations Project,3oIFxDIo2fwuk4lwCmFZCx,2019-07-12,46,False,0.665,0.68,D,-4.898,Major,0.291,0.112,0.0,0.096,0.69,91.667,4,"['Young Thug', 'J Hus']",Studio Album,02:30,2019,July,Friday
Ed Sheeran,A Beautiful Game,3j2KSKjenkrIsnoANPxV7V,A Beautiful Game,2yFLu758P5VjG5ZyyHGSrp,2023-05-04,41,False,0.47,0.417,C,-9.202,Major,0.0293,0.0821,0.0,0.129,0.406,151.141,4,[],Single,03:35,2023,May,Thursday
Ed Sheeran,Sunburn - Deluxe Edition,3YPiRYIUFlcQ0aaLGmeswS,+,02pi98kE0nra0yBqCStzbC,2011-09-09,44,False,0.464,0.098,A#/Bb,-12.119,Major,0.0376,0.865,0.0,0.101,0.234,78.864,4,[],Studio Album,04:35,2011,September,Friday
Ed Sheeran,Castle on the Hill - Recorded at Spotify Studios New York City,6rjO7ZdSUdd8W2fkWL7fK9,Spotify Singles,14mR6XKPmsxzvOYCkqubJF,2017-06-07,46,False,0.556,0.355,D,-6.416,Major,0.0398,0.581,0.0,0.118,0.644,147.58,4,[],Extended Play,03:45,2017,June,Wednesday
Ed Sheeran,Lego House,7xhNkxzgZLFu49BZBspPmX,+-=÷× (Tour Collection),5xD1PSd5c5APDM0SdkkqnH,2024-09-27,46,False,0.592,0.636,B,-8.48,Major,0.101,0.562,0.0,0.13,0.566,159.718,4,[],Compilation Album,03:05,2024,September,Friday
Ed Sheeran,When Will I Be Alright,5S1CxlxcDGMf6c0WcEvF4K,Autumn Variations,5LXOgcszGvUkYzYL4v6wYg,2023-09-29,44,False,0.614,0.244,D,-9.345,Major,0.0301,0.935,5.64e-05,0.112,0.488,126.381,4,[],Studio Album,02:55,2023,September,Friday
Ed Sheeran,That’s On Me,6n8UfmEOGvDGxYRUrGf4z7,Autumn Variations,5LXOgcszGvUkYzYL4v6wYg,2023-09-29,42,True,0.822,0.696,G,-6.275,Major,0.114,0.634,0.0,0.0624,0.575,106.995,4,[],Studio Album,03:47,2023,September,Friday
Ed Sheeran,"You Need Me, I Don't Need You",4r83yXj8JlEX6MVLvhupq6,+-=÷× (Tour Collection),5xD1PSd5c5APDM0SdkkqnH,2024-09-27,46,True,0.749,0.835,G,-8.837,Major,0.0511,0.165,0.0,0.525,0.929,103.485,4,[],Compilation Album,03:40,2024,September,Friday
Ed Sheeran,England,5eL45g9qvFvydEYcmv4zic,Autumn Variations,5LXOgcszGvUkYzYL4v6wYg,2023-09-29,42,False,0.622,0.666,F,-10.786,Major,0.0423,0.641,8.63e-05,0.513,0.52,126.934,4,[],Studio Album,03:46,2023,September,Friday
Ed Sheeran,Don't,72itamxdQe2EJbJn1Q2m8L,+-=÷× (Tour Collection),5xD1PSd5c5APDM0SdkkqnH,2024-09-27,45,False,0.807,0.608,C#/Db,-7.008,Major,0.0659,0.0113,0.0,0.635,0.849,95.047,4,[],Compilation Album,03:39,2024,September,Friday
Ed Sheeran,Midnight,2OTISEHIoZio1AKmKpV9BY,Autumn Variations,5LXOgcszGvUkYzYL4v6wYg,2023-09-29,41,False,0.555,0.824,A#/Bb,-5.843,Major,0.0591,0.425,7.78e-05,0.082,0.685,178.034,4,[],Studio Album,02:59,2023,September,Friday
Ed Sheeran,Page,3LP0XwrMJ6ShNSrExi7jYs,Autumn Variations,5LXOgcszGvUkYzYL4v6wYg,2023-09-29,41,False,0.774,0.604,D,-6.385,Major,0.0404,0.623,3.48e-06,0.0889,0.62,146.081,4,[],Studio Album,03:51,2023,September,Friday
Ed Sheeran,Fall,5JTTFF4bKTIqrhRmmOgXXo,5,2hyDesSAYNefikDJXlqhPE,2014-06-20,40,False,0.559,0.283,E,-9.827,Major,0.0323,0.632,0.00127,0.126,0.188,82.552,4,[],Compilation Album,02:43,2014,June,Friday
Ed Sheeran,Spring,5xlCPBwakaVR2uwJG8Zph3,Autumn Variations,5LXOgcszGvUkYzYL4v6wYg,2023-09-29,42,False,0.644,0.317,F,-11.565,Major,0.0317,0.923,0.00159,0.104,0.667,96.081,4,[],Studio Album,02:58,2023,September,Friday
Ed Sheeran,Sing,5wxRVeHlbX5WiN7q5Nj3ZH,+-=÷× (Tour Collection),5xD1PSd5c5APDM0SdkkqnH,2024-09-27,44,False,0.818,0.67,G#/Ab,-4.45,Minor,0.047,0.3,1.13e-06,0.0601,0.947,119.987,4,[],Compilation Album,03:55,2024,September,Friday
Ed Sheeran,Thinking out Loud,3yc56uWJblMLwKcicVuKQW,+-=÷× (Tour Collection),5xD1PSd5c5APDM0SdkkqnH,2024-09-27,44,False,0.781,0.445,D,-6.061,Major,0.0296,0.474,0.0,0.184,0.591,78.998,4,[],Compilation Album,04:41,2024,September,Friday
Ed Sheeran,Tenerife Sea,1JsIsZnbJ6GNFAIIdiLCMw,+-=÷× (Tour Collection),5xD1PSd5c5APDM0SdkkqnH,2024-09-27,44,False,0.526,0.345,G#/Ab,-10.497,Major,0.0374,0.7,1.13e-05,0.105,0.357,121.877,4,[],Compilation Album,04:01,2024,September,Friday
Ed Sheeran,Castle on the Hill,6hqgRCAxFKoU5D8JC4pE0o,+-=÷× (Tour Collection),5xD1PSd5c5APDM0SdkkqnH,2024-09-27,43,False,0.461,0.834,D,-4.868,Major,0.0991,0.0231,1.16e-05,0.14,0.469,135.007,4,[],Compilation Album,04:21,2024,September,Friday
Ed Sheeran,Runaway,2CW1geAxlM04INRmcoytvW,x (Wembley Edition),6NoBzYmh5gUusGPCfg0pct,2015-11-13,32,False,0.767,0.449,G#/Ab,-7.158,Minor,0.0364,0.024,0.000299,0.151,0.908,95.03,4,[],Live Album,03:25,2015,November,Friday
Ed Sheeran,Bloodstream,0tyeXFnXYPobaHPdp3dRj6,+-=÷× (Tour Collection),5xD1PSd5c5APDM0SdkkqnH,2024-09-27,44,False,0.66,0.315,D#/Eb,-11.567,Minor,0.0364,0.528,0.000298,0.104,0.542,91.207,4,[],Compilation Album,05:00,2024,September,Friday
Ed Sheeran,Photograph,52aBxQk1yJ4qn9iwvW3UPb,+-=÷× (Tour Collection),5xD1PSd5c5APDM0SdkkqnH,2024-09-27,44,False,0.718,0.378,E,-10.48,Major,0.0359,0.607,0.000472,0.0986,0.221,108.033,4,[],Compilation Album,04:18,2024,September,Friday
Ed Sheeran,The A Team,6F25tznBMyPJpXx7Gj1ch0,The A Team,6iBvt4DAGNEJwIvM4vLPms,2011-12-06,32,False,0.642,0.289,A,-9.918,Major,0.0367,0.669,0.0,0.18,0.407,84.996,4,[],Single,04:18,2011,December,Tuesday
Ed Sheeran,Afire Love,6Tb6jpTsEMuBnxYo2HuSiK,x (Wembley Edition),6NoBzYmh5gUusGPCfg0pct,2015-11-13,31,False,0.552,0.637,F,-6.568,Major,0.0445,0.464,1.63e-05,0.136,0.333,97.97,4,[],Live Album,05:14,2015,November,Friday
Ed Sheeran,Head > Heels,0ehxgCWdhKRdnRn9MmrUbu,Autumn Variations,5LXOgcszGvUkYzYL4v6wYg,2023-09-29,41,False,0.711,0.328,C,-9.172,Major,0.0592,0.759,0.000538,0.116,0.347,77.539,4,[],Studio Album,04:13,2023,September,Friday
Ed Sheeran,I See Fire,0904bzxptKuNiQn6hljK4g,+-=÷× (Tour Collection),5xD1PSd5c5APDM0SdkkqnH,2024-09-27,44,False,0.591,0.176,A#/Bb,-11.692,Minor,0.0396,0.638,4.81e-06,0.252,0.296,152.122,4,[],Compilation Album,04:59,2024,September,Friday
Ed Sheeran,Galway Girl,042DklXACCB3vsO9ahvlhj,+-=÷× (Tour Collection),5xD1PSd5c5APDM0SdkkqnH,2024-09-27,43,False,0.599,0.813,A,-5.882,Major,0.0846,0.0783,0.0,0.476,0.809,100.192,4,[],Compilation Album,02:48,2024,September,Friday
Ed Sheeran,Shivers,1UJOYWShWx6rhP5WjPSyTE,+-=÷× (Tour Collection),5xD1PSd5c5APDM0SdkkqnH,2024-09-27,42,False,0.788,0.859,D,-2.724,Major,0.0856,0.281,0.0,0.0424,0.822,141.02,4,[],Compilation Album,03:27,2024,September,Friday
Ed Sheeran,Antisocial (with Travis Scott),7mb1IkA4MKjjh8KHSzOEB2,Antisocial (with Travis Scott),0RDH4M8AhISBHwCVr2ByYX,2019-07-11,39,False,0.715,0.823,F,-5.313,Minor,0.0495,0.133,0.0,0.361,0.91,151.956,4,['Travis Scott'],Single,02:41,2019,July,Thursday
Ed Sheeran,English Rose,2tLqh0Y49XoaM8fYz1VFR5,x (Wembley Edition),6NoBzYmh5gUusGPCfg0pct,2015-11-13,30,False,0.579,0.649,D,-6.522,Major,0.0352,0.0977,0.0,0.125,0.184,114.593,4,[],Live Album,03:04,2015,November,Friday
Ed Sheeran,Antisocial (with Travis Scott),0Tdh0VTkzmPGeAQIXHYhVJ,No.6 Collaborations Project,5oUZ9TEZR3wOdvqzowuNwl,2019-07-12,37,False,0.716,0.823,F,-5.313,Minor,0.0495,0.132,0.0,0.361,0.91,151.957,4,['Travis Scott'],Studio Album,02:41,2019,July,Friday
Ed Sheeran,Shape of You,2sMTmMYviXS6bgsWMTDZhB,+-=÷× (Tour Collection),5xD1PSd5c5APDM0SdkkqnH,2024-09-27,43,False,0.825,0.652,C#/Db,-3.183,Minor,0.0801,0.581,0.0,0.0931,0.931,95.977,4,[],Compilation Album,03:53,2024,September,Friday
Ed Sheeran,New York,0NJDrEZdTbVPMKC0Zbglgn,x (Wembley Edition),6NoBzYmh5gUusGPCfg0pct,2015-11-13,30,False,0.728,0.461,F#/Gb,-8.726,Major,0.0395,0.707,0.0,0.113,0.474,86.014,4,[],Live Album,03:55,2015,November,Friday
Ed Sheeran,The Day I Was Born,6No5bWFaZUgbIvoH9gOpvb,Autumn Variations,5LXOgcszGvUkYzYL4v6wYg,2023-09-29,40,True,0.6,0.667,C,-5.504,Major,0.0443,0.657,0.0,0.327,0.725,135.083,4,[],Studio Album,04:12,2023,September,Friday
Ed Sheeran,Perfect,5kMziGZ4Ply3mnroy5Mohs,+-=÷× (Tour Collection),5xD1PSd5c5APDM0SdkkqnH,2024-09-27,42,False,0.598,0.448,G#/Ab,-6.312,Major,0.0232,0.162,0.0,0.106,0.168,95.009,3,[],Compilation Album,04:23,2024,September,Friday
Ed Sheeran,I Don't Care,6hvRoJ0BTZywxu8UCPBkzx,+-=÷× (Tour Collection),5xD1PSd5c5APDM0SdkkqnH,2024-09-27,42,False,0.798,0.676,F#/Gb,-5.041,Major,0.0442,0.0902,0.0,0.0894,0.843,101.956,4,['Justin Bieber'],Compilation Album,03:39,2024,September,Friday
Ed Sheeran,Kiss Me,4mQCOxLRPvVGjsfKpOBSlN,+,0W5GGnapMz0VwemQvJDqa7,2011-09-09,42,False,0.589,0.227,D,-16.67,Major,0.0498,0.64,0.00469,0.0248,0.182,74.993,4,[],Studio Album,04:40,2011,September,Friday
Ed Sheeran,She,3ICdPHubhqTJ4Lm9NEb2W3,5,2hyDesSAYNefikDJXlqhPE,2014-06-20,40,False,0.573,0.344,A,-10.91,Major,0.0361,0.811,0.0,0.13,0.377,157.783,3,[],Compilation Album,04:04,2014,June,Friday
Ed Sheeran,Happier,1drMF1LyQaTc1q76RrfdEW,+-=÷× (Tour Collection),5xD1PSd5c5APDM0SdkkqnH,2024-09-27,42,False,0.522,0.385,C,-7.355,Major,0.0288,0.536,0.0,0.135,0.236,89.792,4,[],Compilation Album,03:27,2024,September,Friday
Ed Sheeran,Beautiful People (feat. Khalid),3evgoUk0aHc6TIOoyoB6Gl,+-=÷× (Tour Collection),5xD1PSd5c5APDM0SdkkqnH,2024-09-27,41,False,0.64,0.647,F,-8.114,Minor,0.186,0.124,0.0,0.0801,0.546,92.979,4,['Khalid'],Compilation Album,03:17,2024,September,Friday
Ed Sheeran,Dive,673LEnuLl5EiTVjPgcSpgp,+-=÷× (Tour Collection),5xD1PSd5c5APDM0SdkkqnH,2024-09-27,42,False,0.771,0.386,E,-6.161,Major,0.0385,0.355,0.0,0.0953,0.533,134.943,3,[],Compilation Album,03:58,2024,September,Friday
Ed Sheeran,Eyes Closed,44lfd8GAkfyQkrZawcpxH7,+-=÷× (Tour Collection),5xD1PSd5c5APDM0SdkkqnH,2024-09-27,41,False,0.777,0.526,D,-6.221,Major,0.0645,0.302,0.0,0.105,0.389,107.071,4,[],Compilation Album,03:14,2024,September,Friday
Ed Sheeran,Penguins,2kvwspbTT9ZyQNAv9OVYjq,= (Tour Edition),2CIOGAByaHyjQ1EO55JSzC,2022-05-27,35,False,0.709,0.324,D,-10.975,Major,0.0444,0.79,0.0,0.1,0.47,99.906,4,[],Compilation Album,04:08,2022,May,Friday
Ed Sheeran,Bad Habits,7FSgMgjMUtbMc5HQ8vej7d,+-=÷× (Tour Collection),5xD1PSd5c5APDM0SdkkqnH,2024-09-27,41,False,0.807,0.893,B,-3.745,Minor,0.0347,0.0451,2.79e-05,0.366,0.537,126.011,4,[],Compilation Album,03:50,2024,September,Friday
Ed Sheeran,Firefly,4fZscNFYKoPIDHrgXxdacR,Loose Change,3QbPtoOWiJqZurXXxJwaOD,2011-12-09,39,False,0.602,0.31,E,-11.469,Major,0.0373,0.886,0.000142,0.105,0.36,159.917,4,[],Extended Play,04:15,2011,December,Friday
Ed Sheeran,Afterglow,7mqOSw3xFzhE1pFfn21FiC,+-=÷× (Tour Collection),5xD1PSd5c5APDM0SdkkqnH,2024-09-27,41,False,0.641,0.324,B,-5.851,Major,0.0299,0.698,0.0,0.328,0.273,110.184,4,[],Compilation Album,03:05,2024,September,Friday
Ed Sheeran,Cross Me (feat. Chance the Rapper & PnB Rock),1oH5Mg9dyAj15lWUmXvmFW,No.6 Collaborations Project,5oUZ9TEZR3wOdvqzowuNwl,2019-07-12,33,False,0.654,0.783,G#/Ab,-6.389,Minor,0.181,0.213,0.0,0.0666,0.603,94.878,4,"['Chance the Rapper', 'PnB Rock']",Studio Album,03:24,2019,July,Friday
Ed Sheeran,Firefly,7udHOd6OUjUIhSjpTo4cl4,5,2hyDesSAYNefikDJXlqhPE,2014-06-20,36,False,0.602,0.31,E,-11.469,Major,0.0373,0.886,0.000142,0.105,0.36,159.917,4,[],Compilation Album,04:15,2014,June,Friday
Ed Sheeran,Friends,2nsNFIAOHNbQbONWm6GcUV,Friends,1lauDjICyj7zDpHVur6ro4,2014-07-03,27,False,0.516,0.158,E,-14.433,Major,0.0672,0.783,1.32e-06,0.222,0.455,93.255,4,[],Single,03:10,2014,July,Thursday
Ed Sheeran,Nina,3THTZMkVV2onr7xM5yb6WZ,x (Wembley Edition),6NoBzYmh5gUusGPCfg0pct,2015-11-13,28,False,0.791,0.669,F#/Gb,-7.189,Minor,0.146,0.175,0.0,0.33,0.809,92.013,4,[],Live Album,03:45,2015,November,Friday
Ed Sheeran,Remember The Name (feat. Eminem & 50 Cent),663iGCIjbc3DfpGOooKvDR,No.6 Collaborations Project,5oUZ9TEZR3wOdvqzowuNwl,2019-07-12,32,False,0.863,0.649,B,-7.194,Minor,0.156,0.196,0.0,0.782,0.76,91.018,4,"['Eminem', '50 Cent']",Studio Album,03:26,2019,July,Friday
Ed Sheeran,I Will Remember You,4yVsZALRYQ2cBJCViCTTp0,= (Tour Edition),2CIOGAByaHyjQ1EO55JSzC,2022-05-27,34,False,0.743,0.807,D#/Eb,-5.917,Major,0.0538,0.404,5.49e-06,0.0723,0.721,145.01,4,[],Compilation Album,03:34,2022,May,Friday
Ed Sheeran,So,24ha18yq0t7XnZ9EgJ7HYb,5,2hyDesSAYNefikDJXlqhPE,2014-06-20,37,False,0.521,0.133,A#/Bb,-10.599,Major,0.0431,0.853,0.0,0.35,0.391,140.077,4,[],Compilation Album,04:28,2014,June,Friday
Ed Sheeran,Parting Glass - Live at Wembley Stadium,74sKqdbIzz8Q5k1uFGQIW7,x (Wembley Edition),6NoBzYmh5gUusGPCfg0pct,2015-11-13,27,False,0.389,0.369,E,-6.886,Major,0.0404,0.598,0.0,0.96,0.541,102.625,4,[],Live Album,03:15,2015,November,Friday
Ed Sheeran,Be Like You,6ThrnYkLPlKar6dUIggR6Q,5,2hyDesSAYNefikDJXlqhPE,2014-06-20,36,False,0.671,0.388,B,-6.516,Major,0.0762,0.715,0.0,0.192,0.59,105.869,4,[],Compilation Album,03:38,2014,June,Friday
Ed Sheeran,South of the Border (feat. Camila Cabello & Cardi B),1pPWLAfELypeAmi0bMdEXu,South of the Border (feat. Camila Cabello & Cardi B),0ccEi0a0jdxn6tTNAnKzAI,2019-07-11,35,False,0.857,0.621,A,-6.376,Minor,0.0824,0.148,0.0,0.0865,0.668,97.986,4,"['Camila Cabello', 'Cardi B']",Single,03:24,2019,July,Thursday
Ed Sheeran,"Take Me Back To London (Remix) [feat. Stormzy, Jaykae & Aitch]",2nyTaLu3TTrSS6CAxR3z0b,"Take Me Back To London (Remix) [feat. Stormzy, Jaykae & Aitch]",71znMnnyOF4NIe4UpTYbw7,2019-08-23,45,True,0.851,0.667,D#/Eb,-7.061,Minor,0.268,0.25,0.0,0.19,0.596,138.011,4,"['Jaykae', 'Aitch', 'Stormzy']",Single,03:52,2019,August,Friday
Ed Sheeran,Little Bird,5DizlXTwJjjwxxqGNChcvO,5,2hyDesSAYNefikDJXlqhPE,2014-06-20,34,False,0.826,0.485,G#/Ab,-7.424,Major,0.0354,0.569,0.0,0.107,0.278,104.011,4,[],Compilation Album,03:46,2014,June,Friday
Ed Sheeran,Bloodstream,5J8JQbFMEMT5qae9wkdUTE,Bloodstream,2kumYlTSdm0hGwu1vQ5utY,2015-02-27,43,False,0.482,0.59,C#/Db,-6.399,Major,0.0485,0.202,2.48e-05,0.0592,0.27,89.354,4,['Rudimental'],Single,05:08,2015,February,Friday
Ed Sheeran,Where We Land,0xaPq2EZ9pQ9vLuxy6MCHH,5,2hyDesSAYNefikDJXlqhPE,2014-06-20,35,False,0.68,0.248,B,-11.592,Major,0.031,0.838,4.86e-06,0.0907,0.275,119.944,4,[],Compilation Album,03:03,2014,June,Friday
Ed Sheeran,Sunburn,0Z0GZkW8QCohqGChLmWixd,5,2hyDesSAYNefikDJXlqhPE,2014-06-20,35,False,0.533,0.17,G,-11.342,Major,0.0668,0.842,5.03e-06,0.113,0.33,116.852,5,[],Compilation Album,04:26,2014,June,Friday
Ed Sheeran,Nothing On You (feat. Paulo Londra & Dave),5Va44ERiHtC2tfBD53OApA,Nothing On You (feat. Paulo Londra & Dave),0kHdDpkkSlesh2UMKhF20G,2019-07-11,45,False,0.747,0.649,A#/Bb,-6.218,Minor,0.219,0.333,0.0,0.172,0.84,88.011,4,"['Paulo Londra', 'Dave']",Single,03:20,2019,July,Thursday
Ed Sheeran,Even My Dad Does Sometimes,7Clb8su2UxUJ4CQUtDW2UZ,x (Wembley Edition),6NoBzYmh5gUusGPCfg0pct,2015-11-13,25,False,0.58,0.318,D,-8.926,Major,0.0279,0.756,0.000171,0.117,0.295,129.757,3,[],Live Album,03:48,2015,November,Friday
Ed Sheeran,"You Need Me, I Don't Need You",6x44NmhdsmgRzG07kzqOO6,5,2hyDesSAYNefikDJXlqhPE,2014-06-20,33,True,0.689,0.563,C#/Db,-5.539,Major,0.275,0.692,0.0,0.0579,0.819,129.517,4,[],Compilation Album,04:05,2014,June,Friday
Ed Sheeran,Shivers,6SR8tWgGvYoA2VJDgPQSWo,= (Tour Edition),2CIOGAByaHyjQ1EO55JSzC,2022-05-27,31,False,0.788,0.859,D,-2.724,Major,0.0856,0.281,0.0,0.0424,0.822,141.02,4,[],Compilation Album,03:27,2022,May,Friday
Ed Sheeran,Let It Out,69RasNFxqhiyy75JDHsrIS,Loose Change,3QbPtoOWiJqZurXXxJwaOD,2011-12-09,36,False,0.731,0.603,G#/Ab,-7.656,Major,0.0378,0.645,0.011,0.147,0.619,96.973,4,[],Extended Play,03:51,2011,December,Friday
Ed Sheeran,Shirtsleeves,3hRWv9DGBOc1ge8nMolCHp,x (Wembley Edition),6NoBzYmh5gUusGPCfg0pct,2015-11-13,25,False,0.752,0.76,D,-5.34,Major,0.0341,0.319,0.0,0.335,0.752,107.034,4,[],Live Album,03:10,2015,November,Friday
Ed Sheeran,One Night,0CNrpbpJ9HsFffF9hqWIIe,Loose Change,3QbPtoOWiJqZurXXxJwaOD,2011-12-09,36,False,0.781,0.836,F#/Gb,-5.496,Minor,0.0658,0.379,0.0,0.289,0.636,94.989,4,[],Extended Play,03:26,2011,December,Friday
Ed Sheeran,Take It Back,3zvc53juLgo3LibcwGBDqn,x (Wembley Edition),6NoBzYmh5gUusGPCfg0pct,2015-11-13,25,False,0.754,0.613,F,-6.342,Major,0.229,0.318,0.0,0.335,0.904,113.196,4,[],Live Album,03:28,2015,November,Friday
Ed Sheeran,Welcome To The World,6GqJ3mte0bfx6cIrWlVDW6,= (Tour Edition),2CIOGAByaHyjQ1EO55JSzC,2022-05-27,30,False,0.334,0.307,C,-8.522,Major,0.033,0.818,5.55e-05,0.362,0.426,169.53,4,[],Compilation Album,02:56,2022,May,Friday
Ed Sheeran,Let It Out,4Ur8TgNrZyUuRBWjsQfgGe,5,2hyDesSAYNefikDJXlqhPE,2014-06-20,32,False,0.731,0.603,G#/Ab,-7.656,Major,0.0378,0.645,0.011,0.147,0.619,96.973,4,[],Compilation Album,03:51,2014,June,Friday
Ed Sheeran,I See Fire - Live and in Session,3pA38Vfw2Q3T1LSL5wcPk7,Live and in Session,358s1FksXk3qh38nNdjJFk,2014-08-11,39,False,0.381,0.33,A#/Bb,-6.464,Minor,0.035,0.735,0.0,0.716,0.484,166.512,4,[],Extended Play,04:45,2014,August,Monday
Ed Sheeran,The Man,124Ym5jD2no2GAjZiEbw94,x (Wembley Edition),6NoBzYmh5gUusGPCfg0pct,2015-11-13,24,False,0.759,0.725,B,-7.006,Minor,0.158,0.576,0.0,0.0771,0.619,87.467,4,[],Live Album,04:10,2015,November,Friday
Ed Sheeran,Homeless,5YS8NjfOuoFP1vi5wglycc,5,2hyDesSAYNefikDJXlqhPE,2014-06-20,31,False,0.754,0.636,A,-7.129,Major,0.193,0.519,0.0,0.108,0.875,90.001,4,[],Compilation Album,03:30,2014,June,Friday
Ed Sheeran,One Night,1IbGB3FLPDJjBX5i3S57rA,5,2hyDesSAYNefikDJXlqhPE,2014-06-20,31,False,0.781,0.836,F#/Gb,-5.496,Minor,0.0658,0.379,0.0,0.289,0.636,94.989,4,[],Compilation Album,03:26,2014,June,Friday
Ed Sheeran,Fire Alarms,4I7VRMbaqi6GdSkaSxe1he,5,2hyDesSAYNefikDJXlqhPE,2014-06-20,33,False,0.602,0.286,D#/Eb,-9.886,Major,0.0296,0.772,0.0,0.162,0.379,102.009,4,[],Compilation Album,02:24,2014,June,Friday
Ed Sheeran,London Bridge,4zWxuASYcr7KhvNGMjvlDT,The Slumdon Bridge,3j70EKOaR5iVk0BPW6lowR,2011-09-09,23,False,0.695,0.388,C,-15.157,Minor,0.315,0.393,0.000857,0.0591,0.319,93.041,4,['Yelawolf'],Extended Play,04:54,2011,September,Friday
Ed Sheeran,Homeless,0jtTK6XjYj2L3Ge6jyK2sr,Loose Change,3QbPtoOWiJqZurXXxJwaOD,2011-12-09,33,False,0.754,0.636,A,-7.129,Major,0.193,0.519,0.0,0.108,0.875,90.001,4,[],Extended Play,03:30,2011,December,Friday
Ed Sheeran,Give Me Love,1NvOOkafczKxO5YXRR01ax,+,0W5GGnapMz0VwemQvJDqa7,2011-09-09,42,False,0.526,0.328,C#/Db,-9.864,Major,0.0461,0.694,0.0,0.112,0.11,116.068,4,[],Studio Album,08:46,2011,September,Friday
Ed Sheeran,Sofa,2Z7RLfJdXXkXUmvMJxkNJo,5,2hyDesSAYNefikDJXlqhPE,2014-06-20,30,False,0.646,0.65,D,-6.491,Major,0.0278,0.14,9.65e-06,0.0999,0.52,100.05,4,[],Compilation Album,03:19,2014,June,Friday
Ed Sheeran,Bad Habits,5jRvUR9rwKALlZQ1EzGjBI,= (Tour Edition),2CIOGAByaHyjQ1EO55JSzC,2022-05-27,29,False,0.807,0.893,B,-3.745,Minor,0.0347,0.0451,2.79e-05,0.366,0.537,126.011,4,[],Compilation Album,03:50,2022,May,Friday
Ed Sheeran,Put It All on Me (feat. Ella Mai),2xOjYQuhFCeqxdUsf74gSp,Put It All on Me (feat. Ella Mai),4es0SCGoooYKR36713JWNz,2019-07-11,30,False,0.627,0.594,G,-8.306,Major,0.0478,0.253,0.0,0.373,0.389,101.008,4,['Ella Mai'],Single,03:17,2019,July,Thursday
Ed Sheeran,Magical,3DFz7ltSLaohq7oVfNgaE5,Autumn Variations,4JBIPXbjtBx7keWjTnGYeJ,2023-09-29,29,False,0.658,0.632,G#/Ab,-8.492,Major,0.0298,0.748,7.33e-05,0.169,0.464,135.924,4,[],Studio Album,03:14,2023,September,Friday
Ed Sheeran,Little Bird,7sGK98k8lv3hzRznoN909t,Loose Change,3QbPtoOWiJqZurXXxJwaOD,2011-12-09,33,False,0.826,0.485,G#/Ab,-7.424,Major,0.0354,0.569,0.0,0.107,0.278,104.011,4,[],Extended Play,03:46,2011,December,Friday
Ed Sheeran,Put It All on Me (feat. Ella Mai),2neYa7NyqIuPR67tehREKZ,No.6 Collaborations Project,5oUZ9TEZR3wOdvqzowuNwl,2019-07-12,31,False,0.627,0.594,G,-8.306,Major,0.0479,0.256,0.0,0.373,0.388,101.007,4,['Ella Mai'],Studio Album,03:17,2019,July,Friday
Ed Sheeran,Sofa,5VAd82Nigp6Qdbl2zln1cl,Loose Change,3QbPtoOWiJqZurXXxJwaOD,2011-12-09,33,False,0.646,0.65,D,-6.491,Major,0.0278,0.14,9.65e-06,0.0999,0.52,100.05,4,[],Extended Play,03:19,2011,December,Friday
Ed Sheeran,The City,4oCmusomhJaDXUF9OttwQ5,5,2hyDesSAYNefikDJXlqhPE,2014-06-20,30,False,0.689,0.369,G#/Ab,-7.183,Major,0.357,0.74,0.0,0.122,0.701,102.565,4,[],Compilation Album,04:26,2014,June,Friday
Ed Sheeran,2step,0Kyf0mywQUx3aqtYVtiR6U,= (Tour Edition),2CIOGAByaHyjQ1EO55JSzC,2022-05-27,28,False,0.763,0.661,E,-5.592,Minor,0.056,0.169,0.0,0.117,0.632,95.002,4,[],Compilation Album,02:33,2022,May,Friday
Ed Sheeran,Overpass Graffiti,0FRBToHz6nkJTk2MqVAnX9,= (Tour Edition),2CIOGAByaHyjQ1EO55JSzC,2022-05-27,29,False,0.52,0.849,A,-3.794,Minor,0.186,0.00253,0.0,0.119,0.774,175.908,4,[],Compilation Album,03:56,2022,May,Friday
Ed Sheeran,Shivers (feat. FEDUK & SLAVA MARLOW),64MeGCH5YppnMj0iNyaXvY,Shivers (feat. FEDUK & SLAVA MARLOW),6LRQlyFOrfJoUxJH1oE0kn,2021-12-01,38,False,0.793,0.553,D,-8.371,Major,0.101,0.0382,0.0,0.0645,0.412,140.954,4,"['FEDUK', 'SLAVA MARLOW']",Single,02:46,2021,December,Wednesday
Ed Sheeran,Plastic Bag,0ulYOiCpVQYmYeFMViHPai,Autumn Variations,4JBIPXbjtBx7keWjTnGYeJ,2023-09-29,28,False,0.714,0.728,G,-6.552,Major,0.0528,0.62,0.0,0.0752,0.387,120.032,4,[],Studio Album,03:49,2023,September,Friday
Ed Sheeran,Little Lady (feat. Mikill Pane),5rKb6l02IplvF9I0sJI9Lj,No.5 Collaborations Project,6DpIyaMgt5p9HlGd1c0LDM,2011-09-09,36,False,0.437,0.5,A,-7.103,Major,0.105,0.731,0.0,0.157,0.437,85.293,4,['Mikill Pane'],Extended Play,05:28,2011,September,Friday
Ed Sheeran,Amazing,7ufmRzRlhMPwKo0mm0qEd4,Autumn Variations,4JBIPXbjtBx7keWjTnGYeJ,2023-09-29,27,False,0.809,0.664,C,-7.265,Major,0.0373,0.429,1.55e-06,0.131,0.374,116.996,4,[],Studio Album,04:05,2023,September,Friday
Ed Sheeran,Punchline,5IUq1DyjOjej1u3U9gWaUa,Autumn Variations,4JBIPXbjtBx7keWjTnGYeJ,2023-09-29,33,False,0.534,0.407,B,-7.994,Major,0.0261,0.844,0.0,0.113,0.616,154.059,4,[],Studio Album,03:26,2023,September,Friday
Ed Sheeran,South of the Border (feat. Camila Cabello & Cardi B),71BgDMZ6FbL5AKcERaxJ6n,No.6 Collaborations Project,5oUZ9TEZR3wOdvqzowuNwl,2019-07-12,29,False,0.857,0.621,A,-6.376,Minor,0.0825,0.148,0.0,0.0865,0.668,97.989,4,"['Camila Cabello', 'Cardi B']",Studio Album,03:24,2019,July,Friday
Ed Sheeran,That’s On Me,0OyeNV6VDZ8RSrfZVrSvM2,Autumn Variations,4JBIPXbjtBx7keWjTnGYeJ,2023-09-29,27,False,0.82,0.693,G,-6.279,Major,0.108,0.63,0.0,0.0624,0.587,107.002,4,[],Studio Album,03:47,2023,September,Friday
Ed Sheeran,Beautiful People (feat. Khalid),3aCjJgEAW018s9BuGiAgob,No.6 Collaborations Project,5oUZ9TEZR3wOdvqzowuNwl,2019-07-12,28,False,0.64,0.647,F,-8.114,Minor,0.186,0.124,0.0,0.0801,0.546,92.979,4,['Khalid'],Studio Album,03:17,2019,July,Friday
Ed Sheeran,Tides,2034O98KseYfXW4eETgm9h,= (Tour Edition),2CIOGAByaHyjQ1EO55JSzC,2022-05-27,27,False,0.631,0.825,B,-3.971,Major,0.0433,0.0167,0.0,0.122,0.427,129.942,3,[],Compilation Album,03:15,2022,May,Friday
Ed Sheeran,First Times,6ih77QgShm0RSp913VkGZn,= (Tour Edition),2CIOGAByaHyjQ1EO55JSzC,2022-05-27,27,False,0.587,0.267,G#/Ab,-9.206,Major,0.0349,0.84,0.0,0.121,0.352,98.845,4,[],Compilation Album,03:05,2022,May,Friday
Ed Sheeran,Small Bump - Live at Wembley Stadium,4B1EYMTYNUfwRoD9MARPgT,x (Wembley Edition),6NoBzYmh5gUusGPCfg0pct,2015-11-13,20,False,0.69,0.696,A,-7.432,Major,0.183,0.219,0.0,0.958,0.237,125.735,4,[],Live Album,05:02,2015,November,Friday
Ed Sheeran,2step (feat. Armaan Malik),1vf09n9QoDVWhBImRgQQyG,2step (feat. Armaan Malik),6Ez4Ul37Uzz9yGcorzhGMV,2022-05-23,38,False,0.747,0.667,E,-5.181,Minor,0.0566,0.18,0.0,0.146,0.508,95.0,4,['Armaan Malik'],Single,02:33,2022,May,Monday
Ed Sheeran,Collide,362gtoLRmu1RfqolIFxXcL,= (Tour Edition),2CIOGAByaHyjQ1EO55JSzC,2022-05-27,26,False,0.672,0.73,F,-4.77,Major,0.0372,0.113,0.0,0.0612,0.559,123.969,4,[],Compilation Album,03:30,2022,May,Friday
Ed Sheeran,Blue,3VgD05XlPGjCvd4ZLGGk1D,Autumn Variations,4JBIPXbjtBx7keWjTnGYeJ,2023-09-29,26,False,0.668,0.314,A,-8.275,Minor,0.0298,0.888,0.0,0.222,0.414,78.019,1,[],Studio Album,02:33,2023,September,Friday
Ed Sheeran,England,37b4ATsKqGuDmvhj1stfwN,Autumn Variations,4JBIPXbjtBx7keWjTnGYeJ,2023-09-29,25,False,0.622,0.666,F,-10.786,Major,0.0423,0.641,8.63e-05,0.513,0.52,126.934,4,[],Studio Album,03:46,2023,September,Friday
Ed Sheeran,Visiting Hours,446RPBrDh8kVcYfDdnNFmp,= (Tour Edition),2CIOGAByaHyjQ1EO55JSzC,2022-05-27,27,False,0.471,0.396,G#/Ab,-6.654,Major,0.0336,0.77,0.0,0.0729,0.263,149.609,4,[],Compilation Album,03:35,2022,May,Friday
Ed Sheeran,Page,4IBum9ndT8WeIhwALJJqVP,Autumn Variations,4JBIPXbjtBx7keWjTnGYeJ,2023-09-29,25,False,0.774,0.604,D,-6.385,Major,0.0404,0.623,3.48e-06,0.0889,0.62,146.081,4,[],Studio Album,03:51,2023,September,Friday
Ed Sheeran,"You Need Me, I Don't Need You - Live and in Session",3cvGbWQhQ73AZjz1XOoOFA,Live and in Session,358s1FksXk3qh38nNdjJFk,2014-08-11,32,False,0.5,0.847,E,-4.969,Minor,0.151,0.105,0.0,0.249,0.848,109.525,4,[],Extended Play,09:43,2014,August,Monday
Ed Sheeran,Midnight,2hhhLOK7PL8X9GlQ5uEeH6,Autumn Variations,4JBIPXbjtBx7keWjTnGYeJ,2023-09-29,24,False,0.555,0.824,A#/Bb,-5.843,Major,0.0591,0.425,7.78e-05,0.082,0.685,178.034,4,[],Studio Album,02:59,2023,September,Friday
Ed Sheeran,Spring,6JlZ0PMPyLuHn2gGtrahre,Autumn Variations,4JBIPXbjtBx7keWjTnGYeJ,2023-09-29,25,False,0.644,0.317,F,-11.565,Major,0.0317,0.923,0.00159,0.104,0.667,96.081,4,[],Studio Album,02:58,2023,September,Friday
Ed Sheeran,Love In Slow Motion,1ZNI4Ab5Ojwha9OCmtqE6n,= (Tour Edition),2CIOGAByaHyjQ1EO55JSzC,2022-05-27,25,False,0.485,0.54,C#/Db,-5.4,Major,0.0253,0.668,0.0,0.0849,0.426,62.631,4,[],Compilation Album,03:10,2022,May,Friday
Ed Sheeran,The A Team - Live and in Session,41Fa4odUQJYZNEccDd0y4q,Live and in Session,358s1FksXk3qh38nNdjJFk,2014-08-11,33,False,0.55,0.416,A,-6.737,Major,0.0724,0.387,0.0,0.542,0.463,112.411,4,[],Extended Play,04:08,2014,August,Monday
Ed Sheeran,One - Live and in Session,2MJ2fb4rCmdVZ9lUtUMNjF,Live and in Session,358s1FksXk3qh38nNdjJFk,2014-08-11,34,False,0.464,0.33,E,-7.027,Major,0.035,0.761,0.0,0.72,0.368,106.04,4,[],Extended Play,03:45,2014,August,Monday
Ed Sheeran,Lego House - Spotify Sessions,1u3FMEh3u14smbxY1XZc4S,Spotify Session,3Zao4egmTSVP5LfAhHO4o1,2011-01-01,31,False,0.55,0.196,B,-16.253,Major,0.355,0.766,0.0,0.191,0.492,162.481,4,[],Extended Play,03:41,2011,January,Saturday
Ed Sheeran,Stop The Rain,781z6KOhWIytOCGXsWoL0H,= (Tour Edition),2CIOGAByaHyjQ1EO55JSzC,2022-05-27,25,False,0.686,0.765,G#/Ab,-4.778,Major,0.118,0.0122,0.0,0.127,0.743,99.998,4,[],Compilation Album,03:23,2022,May,Friday
Ed Sheeran,2step (feat. Lil Baby),3vRMNhtsTzM25UbTeuKGrx,= (Tour Edition),2CIOGAByaHyjQ1EO55JSzC,2022-05-27,24,False,0.693,0.643,E,-5.867,Minor,0.0828,0.138,0.0,0.108,0.477,95.055,4,['Lil Baby'],Compilation Album,02:43,2022,May,Friday
Ed Sheeran,You Don't Know - For Fucks Sake,5wDo8f5JkiLu98wa38chVT,The Slumdon Bridge,3j70EKOaR5iVk0BPW6lowR,2011-09-09,19,True,0.835,0.532,G,-8.891,Major,0.292,0.329,2.32e-05,0.364,0.562,99.995,4,['Yelawolf'],Extended Play,03:33,2011,September,Friday
Ed Sheeran,Way To Break My Heart (feat. Skrillex),3ScM8IvndjLcJ9VyAc4EnS,No.6 Collaborations Project,5oUZ9TEZR3wOdvqzowuNwl,2019-07-12,28,False,0.726,0.731,C#/Db,-6.298,Minor,0.159,0.11,3.45e-06,0.0928,0.437,170.125,4,['Skrillex'],Studio Album,03:10,2019,July,Friday
Ed Sheeran,2step (feat. Ultimo),7mxEWcW3A0jULs64ckyq9k,2step (feat. Ultimo),3TDdlYSrE5WuOTiuyr9tTl,2022-05-06,40,False,0.727,0.69,E,-5.063,Minor,0.0721,0.16,0.0,0.137,0.685,94.935,4,['Ultimo'],Single,02:34,2022,May,Friday
Ed Sheeran,2step (feat. Lil Baby),5PF6tRnQJWyAlZTCgDa4wQ,2step (The Remixes),1nqJFaKVTrCkCDaC2I1zM7,2022-05-26,26,False,0.693,0.643,E,-5.867,Minor,0.0828,0.138,0.0,0.108,0.477,95.055,4,['Lil Baby'],Remix Album,02:43,2022,May,Thursday
Ed Sheeran,The Joker And The Queen,49fcoVTl7mQtaGrOu5eWWf,= (Tour Edition),2CIOGAByaHyjQ1EO55JSzC,2022-05-27,25,False,0.567,0.211,C,-9.975,Major,0.0315,0.952,5.24e-05,0.275,0.289,134.019,4,[],Compilation Album,03:05,2022,May,Friday
Ed Sheeran,The Day I Was Born,7m3PIHAmlO5ls5ZLbPcfZD,Autumn Variations,4JBIPXbjtBx7keWjTnGYeJ,2023-09-29,26,False,0.603,0.668,C,-5.503,Major,0.044,0.655,0.0,0.327,0.721,135.135,4,[],Studio Album,04:12,2023,September,Friday
Ed Sheeran,"You Need Me, I Don't Need You - Live at the Bedford",2GGOQWJo7FGEQojc7baekK,5,2hyDesSAYNefikDJXlqhPE,2014-06-20,26,False,0.506,0.911,C,-4.779,Major,0.23,0.48,0.0,0.696,0.781,105.475,4,[],Compilation Album,09:50,2014,June,Friday
Ed Sheeran,Head > Heels,4K7BmhE2LEYLEjLwwAlR7B,Autumn Variations,4JBIPXbjtBx7keWjTnGYeJ,2023-09-29,24,False,0.711,0.328,C,-9.172,Major,0.0592,0.759,0.000538,0.116,0.347,77.539,4,[],Studio Album,04:13,2023,September,Friday
Ed Sheeran,2step (feat. Quevedo),2lBC947shOYlBn1UtMoJlg,2step (feat. Quevedo),4uXdvX6Kma8gK1k88Ndvsb,2022-05-23,41,False,0.72,0.709,E,-5.308,Minor,0.0827,0.171,0.0,0.141,0.537,94.99,4,['Quevedo'],Single,02:33,2022,May,Monday
Ed Sheeran,When Will I Be Alright,7a6OTDsR2xxzvdoyqWaHVd,Autumn Variations,4JBIPXbjtBx7keWjTnGYeJ,2023-09-29,24,False,0.614,0.244,D,-9.345,Major,0.0301,0.935,5.64e-05,0.112,0.488,126.381,4,[],Studio Album,02:55,2023,September,Friday
Ed Sheeran,Drunk,51Be0m3caz9EourH3LIHvY,+,0W5GGnapMz0VwemQvJDqa7,2011-09-09,36,False,0.733,0.652,G,-9.101,Major,0.0696,0.419,2.37e-06,0.521,0.459,99.998,4,[],Studio Album,03:20,2011,September,Friday
Ed Sheeran,Leave Your Life,1REhY89NpcXlSsA5OR09pV,= (Tour Edition),2CIOGAByaHyjQ1EO55JSzC,2022-05-27,25,False,0.578,0.558,D,-5.438,Major,0.0872,0.236,0.0,0.143,0.54,75.087,4,[],Compilation Album,03:43,2022,May,Friday
Ed Sheeran,Lately (feat. Devlin),1iyJwocwqUMwLgmu9O5Y13,No.5 Collaborations Project,6DpIyaMgt5p9HlGd1c0LDM,2011-09-09,31,False,0.718,0.82,E,-5.552,Minor,0.103,0.0928,0.0,0.391,0.329,90.013,4,['Devlin'],Extended Play,04:31,2011,September,Friday
Ed Sheeran,I Don't Care (with Justin Bieber),1Tu5fpEjGl78R4mA6pQ7Tk,No.6 Collaborations Project,5oUZ9TEZR3wOdvqzowuNwl,2019-07-12,26,False,0.798,0.676,F#/Gb,-5.041,Major,0.0442,0.0902,0.0,0.0894,0.843,101.956,4,['Justin Bieber'],Studio Album,03:39,2019,July,Friday
Ed Sheeran,Wake Me Up - Live at the Bedford,2c3PILT3ocB6B47pNzi9qs,5,2hyDesSAYNefikDJXlqhPE,2014-06-20,26,False,0.616,0.141,A,-17.161,Major,0.532,0.792,0.0,0.897,0.361,107.874,4,[],Compilation Album,05:00,2014,June,Friday
Ed Sheeran,Radio (feat. JME),5KB7EYQuHd0S5WKVWpagYu,No.5 Collaborations Project,6DpIyaMgt5p9HlGd1c0LDM,2011-09-09,31,False,0.693,0.833,F#/Gb,-5.408,Minor,0.263,0.214,0.0,0.117,0.759,99.901,4,['Jme'],Extended Play,03:42,2011,September,Friday
Ed Sheeran,2step (feat. Leto),0rGZhcaioQRufndluiOxdF,2step (feat. Leto),5gtzH1xaYI0w2KWITZaZUH,2022-05-13,29,False,0.73,0.701,G,-5.318,Major,0.0447,0.273,0.0,0.0657,0.522,94.97,4,['Leto'],Single,02:34,2022,May,Friday
Ed Sheeran,Little Lady (feat. Mikill Pane),7bXTXa2zmMuRZPCBEWcjHw,5,2hyDesSAYNefikDJXlqhPE,2014-06-20,26,False,0.437,0.5,A,-7.103,Major,0.105,0.731,0.0,0.157,0.437,85.293,4,['Mikill Pane'],Compilation Album,05:28,2014,June,Friday
Ed Sheeran,The City - Live at Sticky Studios; Loose Change EP,1Fj5Hfda761tgxKbJUlFxN,Loose Change,3QbPtoOWiJqZurXXxJwaOD,2011-12-09,28,False,0.712,0.569,E,-6.032,Minor,0.204,0.507,0.0,0.412,0.837,105.032,4,[],Extended Play,05:06,2011,December,Friday
Ed Sheeran,The A Team - Live at the Bedford,3nwbntyppUfLEMorPB40HN,5,2hyDesSAYNefikDJXlqhPE,2014-06-20,26,False,0.402,0.339,A,-9.574,Major,0.0498,0.728,0.0,0.833,0.496,83.194,4,[],Compilation Album,05:22,2014,June,Friday
Ed Sheeran,The A Team - Spotify Sessions,6D9w7wnOtoViu0yX6lmCsy,Spotify Session,3Zao4egmTSVP5LfAhHO4o1,2011-01-01,28,False,0.554,0.255,A,-14.852,Major,0.328,0.535,0.0,0.234,0.531,86.053,4,[],Extended Play,03:48,2011,January,Saturday
Ed Sheeran,2step (feat. Antytila),5it0QwktdpQ7oE33PbImkX,2step (feat. Antytila),0cNLR4ksEAAesnSOVzV33s,2022-05-02,34,False,0.506,0.695,E,-5.185,Minor,0.105,0.235,0.0,0.151,0.599,93.75,4,['Antytila'],Single,02:33,2022,May,Monday
Ed Sheeran,The City - Live at Sticky Studios; Loose Change EP,7cCsAsOKvFdOjQHpADku4O,5,2hyDesSAYNefikDJXlqhPE,2014-06-20,25,False,0.712,0.569,E,-6.032,Minor,0.204,0.507,0.0,0.412,0.837,105.032,4,[],Compilation Album,05:06,2014,June,Friday
Ed Sheeran,Sing - Live and in Session,5r6UJphd3l3sVEfeZpEZHy,Live and in Session,358s1FksXk3qh38nNdjJFk,2014-08-11,34,False,0.726,0.719,F#/Gb,-5.122,Minor,0.234,0.137,0.0,0.66,0.826,121.911,4,[],Extended Play,05:19,2014,August,Monday
Ed Sheeran,Take Me Back to London (feat. Stormzy),3ERZA2UXA1cD5WAELjSpa6,No.6 Collaborations Project,5oUZ9TEZR3wOdvqzowuNwl,2019-07-12,30,True,0.885,0.762,G#/Ab,-5.513,Minor,0.216,0.219,0.0,0.162,0.605,138.058,4,['Stormzy'],Studio Album,03:09,2019,July,Friday
Ed Sheeran,Fall - Live at the Bedford,1lG7S133U7vKOXy0n8WeEL,5,2hyDesSAYNefikDJXlqhPE,2014-06-20,24,False,0.494,0.0964,E,-16.691,Major,0.0532,0.807,7.13e-05,0.936,0.393,86.676,4,[],Compilation Album,02:31,2014,June,Friday
Ed Sheeran,Firefly - Bravado Dubstep Remix,0dQ5jI1SGoAX2QT6N95tad,5,2hyDesSAYNefikDJXlqhPE,2014-06-20,24,False,0.629,0.663,A,-10.516,Major,0.0283,0.28,0.711,0.0811,0.49,139.982,4,['Bravado'],Compilation Album,04:29,2014,June,Friday
Ed Sheeran,Be Right Now,3hPXXNKlZvD2l4KIgbo65V,= (Tour Edition),2CIOGAByaHyjQ1EO55JSzC,2022-05-27,23,False,0.501,0.684,B,-6.706,Major,0.0566,0.00494,0.000478,0.0524,0.442,131.952,4,[],Compilation Album,03:31,2022,May,Friday
Ed Sheeran,BLOW (with Chris Stapleton & Bruno Mars),3U0oiHpXqrIS3AsOvkaS08,No.6 Collaborations Project,5oUZ9TEZR3wOdvqzowuNwl,2019-07-12,23,False,0.631,0.796,C#/Db,-5.35,Major,0.0401,0.000245,0.0108,0.38,0.596,92.47,4,"['Chris Stapleton', 'Bruno Mars']",Studio Album,03:29,2019,July,Friday
Ed Sheeran,Sandman,2XKGiJ6CtXxlWdBpDiTa7y,= (Tour Edition),2CIOGAByaHyjQ1EO55JSzC,2022-05-27,23,False,0.822,0.3,C,-8.034,Major,0.0673,0.882,9.15e-05,0.0665,0.734,125.951,4,[],Compilation Album,04:19,2022,May,Friday
Ed Sheeran,Lately (feat. Devlin),5cth8vxCckeYgE10nX58re,5,2hyDesSAYNefikDJXlqhPE,2014-06-20,24,False,0.718,0.82,E,-5.552,Minor,0.103,0.0928,0.0,0.391,0.329,90.013,4,['Devlin'],Compilation Album,04:31,2014,June,Friday
Ed Sheeran,You (feat. Wiley),7h7KBBdYIzrxOsLfR9aUO7,No.5 Collaborations Project,6DpIyaMgt5p9HlGd1c0LDM,2011-09-09,30,False,0.799,0.532,C#/Db,-9.472,Minor,0.0707,0.386,0.00017,0.0978,0.189,100.032,4,['Wiley'],Extended Play,03:21,2011,September,Friday
Ed Sheeran,You (feat. Wiley),6dSgNLxLDgTaPQlB15yOOK,5,2hyDesSAYNefikDJXlqhPE,2014-06-20,24,False,0.799,0.532,C#/Db,-9.472,Minor,0.0707,0.386,0.00017,0.0978,0.189,100.032,4,['Wiley'],Compilation Album,03:21,2014,June,Friday
Ed Sheeran,Small Bump,2sKgjO8vxk7znTpwNAptaW,+,0W5GGnapMz0VwemQvJDqa7,2011-09-09,32,False,0.81,0.436,A#/Bb,-12.683,Major,0.0717,0.689,0.000151,0.11,0.446,119.973,4,[],Studio Album,04:19,2011,September,Friday
Ed Sheeran,Family (feat. P Money),79d2OA4Sj4nfw0vk8EV82D,No.5 Collaborations Project,6DpIyaMgt5p9HlGd1c0LDM,2011-09-09,29,False,0.476,0.704,A,-5.411,Minor,0.278,0.515,0.0,0.094,0.297,140.396,4,['P Money'],Extended Play,04:14,2011,September,Friday
Ed Sheeran,2step (feat. Armaan Malik),3Gxo1itE2q8dTrhX7atqCE,2step (The Remixes),0a28QsFN8zbrWSvbSQ40PI,2021-10-25,30,False,0.747,0.667,E,-5.181,Minor,0.0566,0.18,0.0,0.146,0.508,95.0,4,['Armaan Malik'],Remix Album,02:33,2021,October,Monday
Ed Sheeran,The City - Live at the Bedford,4HQcJua3wHJLvBvc3gKJTr,5,2hyDesSAYNefikDJXlqhPE,2014-06-20,25,False,0.602,0.8,G,-5.91,Major,0.0734,0.545,0.0,0.656,0.81,109.921,4,[],Compilation Album,05:07,2014,June,Friday
Ed Sheeran,"You Need Me, I Don't Need You - Live at the Bedford",5rJDpFuffh8UFEKqvzCAZP,Live at the Bedford,4JUtnlZKdLr01xEIymhm0G,2011-12-09,29,False,0.506,0.911,C,-4.779,Major,0.23,0.48,0.0,0.696,0.781,105.475,4,[],Extended Play,09:50,2011,December,Friday
Ed Sheeran,So,2IpFUObI1qBgkuC21cJOXZ,You Need Me,6b6NoQ00gDKdOUBxRYTA7t,2009-01-01,27,False,0.521,0.133,A#/Bb,-10.599,Major,0.0431,0.853,0.0,0.35,0.391,140.077,4,[],Extended Play,04:28,2009,January,Thursday
Ed Sheeran,2step (feat. Antytila),0EgNmGWjnYm3FMyaOW5xsM,2step (The Remixes),0a28QsFN8zbrWSvbSQ40PI,2021-10-25,31,False,0.506,0.695,E,-5.185,Minor,0.105,0.235,0.0,0.151,0.599,93.75,4,['Antytila'],Remix Album,02:33,2021,October,Monday
Ed Sheeran,Radio (feat. JME),3MUKlVjVJBvPf4flrDq8KB,5,2hyDesSAYNefikDJXlqhPE,2014-06-20,24,False,0.693,0.833,F#/Gb,-5.408,Minor,0.263,0.214,0.0,0.117,0.759,99.901,4,['Jme'],Compilation Album,03:42,2014,June,Friday
Ed Sheeran,Homeless - Live at the Bedford,0ewWskuCnqrTFvMUqtAQwF,5,2hyDesSAYNefikDJXlqhPE,2014-06-20,24,False,0.601,0.879,A,-5.215,Major,0.0945,0.62,0.0,0.464,0.713,99.377,4,[],Compilation Album,03:45,2014,June,Friday
Ed Sheeran,Wake Me Up - Live at the Bedford,7GtrkWkk5MxDaIlGOr7UU9,Live at the Bedford,4JUtnlZKdLr01xEIymhm0G,2011-12-09,30,False,0.616,0.141,A,-17.161,Major,0.532,0.792,0.0,0.897,0.361,107.874,4,[],Extended Play,05:00,2011,December,Friday
Ed Sheeran,"Nightmares (feat. Random Impulse, Sway & Wretch 32)",4MKPqVv3FqKCZTcKHfR125,No.5 Collaborations Project,6DpIyaMgt5p9HlGd1c0LDM,2011-09-09,27,False,0.855,0.678,A,-6.864,Major,0.052,0.101,0.00232,0.0964,0.429,120.012,4,"['Random Impulse', 'Sway', 'Wretch 32']",Extended Play,04:03,2011,September,Friday
Ed Sheeran,Family (feat. P Money),77m6ySUV5ZpOdaIsygDYMZ,5,2hyDesSAYNefikDJXlqhPE,2014-06-20,24,False,0.476,0.704,A,-5.411,Minor,0.278,0.515,0.0,0.094,0.297,140.396,4,['P Money'],Compilation Album,04:14,2014,June,Friday
Ed Sheeran,Faces,0Yp1IPKGLmNoSCNZRJY0Af,The Slumdon Bridge,3j70EKOaR5iVk0BPW6lowR,2011-09-09,15,True,0.516,0.852,C#/Db,-7.455,Major,0.267,0.00889,4.34e-06,0.34,0.2,140.233,4,['Yelawolf'],Extended Play,03:17,2011,September,Friday
Ed Sheeran,"Nightmares (feat. Random Impulse, Sway & Wretch 32)",4SVST4FR6Gj74UJCzCiOSX,5,2hyDesSAYNefikDJXlqhPE,2014-06-20,23,False,0.855,0.678,A,-6.864,Major,0.052,0.101,0.00232,0.0964,0.429,120.012,4,"['Random Impulse', 'Sway', 'Wretch 32']",Compilation Album,04:03,2014,June,Friday
Ed Sheeran,Goodbye to You (feat. Dot Rotten),1SdyQYIFM05qkexCFKZxW1,No.5 Collaborations Project,6DpIyaMgt5p9HlGd1c0LDM,2011-09-09,27,False,0.64,0.664,C#/Db,-7.812,Major,0.152,0.267,0.0,0.329,0.275,140.007,4,['Zeph Ellis'],Extended Play,05:30,2011,September,Friday
Ed Sheeran,This,2aMkInuJrM9arjA8dpQJqC,+,0W5GGnapMz0VwemQvJDqa7,2011-09-09,27,False,0.588,0.0929,B,-14.301,Major,0.0443,0.95,0.00539,0.128,0.502,152.139,4,[],Studio Album,03:15,2011,September,Friday
Ed Sheeran,Goodbye to You (feat. Dot Rotten),1O5u4AShfndSLCnVqlV0h2,5,2hyDesSAYNefikDJXlqhPE,2014-06-20,23,False,0.64,0.664,C#/Db,-7.812,Major,0.152,0.267,0.0,0.329,0.275,140.007,4,['Zeph Ellis'],Compilation Album,05:30,2014,June,Friday
Ed Sheeran,"You Need Me, I Don't Need You",2DCeRqdQkjtihpsv79TAJh,+,0W5GGnapMz0VwemQvJDqa7,2011-09-09,27,True,0.749,0.837,G,-8.837,Major,0.0512,0.162,0.0,0.525,0.927,103.483,4,[],Studio Album,03:40,2011,September,Friday
Ed Sheeran,2step (feat. Quevedo),0YbUKWAVjJvfOvRpnvNEOz,2step (The Remixes),0a28QsFN8zbrWSvbSQ40PI,2021-10-25,34,False,0.72,0.709,E,-5.308,Minor,0.0827,0.171,0.0,0.141,0.537,94.99,4,['Quevedo'],Remix Album,02:33,2021,October,Monday
Ed Sheeran,U.N.I.,7fVR8piTfS8dhqSzph50qB,+,0W5GGnapMz0VwemQvJDqa7,2011-09-09,25,False,0.422,0.405,F#/Gb,-11.126,Major,0.101,0.323,0.0,0.15,0.578,74.13,4,[],Studio Album,03:48,2011,September,Friday
Ed Sheeran,Drown Me Out (feat. Ghetts) - + Ghetts,0dNt7lZks5TVxiGaCIY1yZ,5,2hyDesSAYNefikDJXlqhPE,2014-06-20,22,True,0.511,0.91,B,-6.186,Minor,0.116,0.0282,0.0,0.127,0.426,140.147,4,['Ghetts'],Compilation Album,04:21,2014,June,Friday
Ed Sheeran,Firefly - Bravado Dubstep Remix,1qjnGMSchVVfePsMV0UZ9b,Loose Change,3QbPtoOWiJqZurXXxJwaOD,2011-12-09,24,False,0.629,0.663,A,-10.516,Major,0.0283,0.28,0.711,0.0811,0.49,139.982,4,['Bravado'],Extended Play,04:29,2011,December,Friday
Ed Sheeran,Nothing On You (feat. Paulo Londra & Dave),3uPt20NZVz4AOhFPUzzEv6,No.6 Collaborations Project,5oUZ9TEZR3wOdvqzowuNwl,2019-07-12,27,False,0.747,0.649,G#/Ab,-6.218,Major,0.218,0.333,0.0,0.172,0.84,88.011,4,"['Paulo Londra', 'Dave']",Studio Album,03:20,2019,July,Friday
Ed Sheeran,Fall - Live at the Bedford,1YM4HlWW3vvrnWdf9N7Xi2,Live at the Bedford,4JUtnlZKdLr01xEIymhm0G,2011-12-09,25,False,0.494,0.0964,E,-16.691,Major,0.0532,0.807,7.13e-05,0.936,0.393,86.676,4,[],Extended Play,02:31,2011,December,Friday
Ed Sheeran,2step (feat. Budjerah),3dvDgPBAxqetLJvDmRDtwC,2step (The Remixes),0a28QsFN8zbrWSvbSQ40PI,2021-10-25,29,False,0.727,0.621,E,-4.784,Minor,0.0555,0.212,0.0,0.114,0.565,94.958,4,['Budjerah'],Remix Album,02:33,2021,October,Monday
Ed Sheeran,The A Team - Live at the Bedford,6JUGrUnAms0o3uGVIhkAyH,Live at the Bedford,4JUtnlZKdLr01xEIymhm0G,2011-12-09,28,False,0.402,0.339,A,-9.574,Major,0.0498,0.728,0.0,0.833,0.496,83.194,4,[],Extended Play,05:22,2011,December,Friday
Ed Sheeran,I Don't Want Your Money (feat. H.E.R.),69xcWjYE6YYA638ThAHA6M,I Don't Want Your Money (feat. H.E.R.),3ZQZrCJHXZ1G6EYxzYGhuA,2019-07-11,20,False,0.469,0.631,G#/Ab,-6.569,Minor,0.0853,0.314,0.0,0.14,0.763,91.418,4,['H.E.R.'],Single,03:24,2019,July,Thursday
Ed Sheeran,Drown Me Out (feat. Ghetts) - + Ghetts,0UD8qgp0Fmgh79K3qeTHQh,No.5 Collaborations Project,6DpIyaMgt5p9HlGd1c0LDM,2011-09-09,27,True,0.511,0.91,B,-6.186,Minor,0.116,0.0282,0.0,0.127,0.426,140.147,4,['Ghetts'],Extended Play,04:21,2011,September,Friday
Ed Sheeran,Way To Break My Heart (feat. Skrillex),3QILjG9RQzZBtfSd54zzaj,Way To Break My Heart (feat. Skrillex),1e0B33rcH0vHHumZofYV3y,2019-07-11,24,False,0.726,0.731,C#/Db,-6.304,Minor,0.159,0.11,3.21e-06,0.0928,0.43,170.125,4,['Skrillex'],Single,03:10,2019,July,Thursday
Ed Sheeran,"You Need Me, I Don't Need You",0p5117bzo9E0ySfDATGola,You Need Me,6b6NoQ00gDKdOUBxRYTA7t,2009-01-01,25,True,0.689,0.563,C#/Db,-5.539,Major,0.275,0.692,0.0,0.0579,0.819,129.517,4,[],Extended Play,04:05,2009,January,Thursday
Ed Sheeran,Wake Me Up,3bZTspAdEUAKc2M1Sle125,+,0W5GGnapMz0VwemQvJDqa7,2011-09-09,25,True,0.616,0.209,A,-13.43,Major,0.406,0.902,0.0,0.139,0.336,86.891,1,[],Studio Album,03:49,2011,September,Friday
Ed Sheeran,Sunburn,7BHC6UF06FWl6hU8GjiBy6,You Need Me,6b6NoQ00gDKdOUBxRYTA7t,2009-01-01,24,False,0.533,0.17,G,-11.342,Major,0.0668,0.842,5.03e-06,0.113,0.33,116.852,5,[],Extended Play,04:26,2009,January,Thursday
Ed Sheeran,Homeless - Live at the Bedford,0T0wYEzpL46dCaTL1DLCyD,Live at the Bedford,4JUtnlZKdLr01xEIymhm0G,2011-12-09,25,False,0.601,0.879,A,-5.215,Major,0.0945,0.62,0.0,0.464,0.713,99.377,4,[],Extended Play,03:45,2011,December,Friday
Ed Sheeran,Be Like You,1R5sCIempBPco1ZZUsYoiu,You Need Me,6b6NoQ00gDKdOUBxRYTA7t,2009-01-01,25,False,0.671,0.388,B,-6.516,Major,0.0762,0.715,0.0,0.192,0.59,105.869,4,[],Extended Play,03:38,2009,January,Thursday
Ed Sheeran,2step (feat. Ultimo),4EDm3svAC8LREh5b6fHZzt,2step (The Remixes),0a28QsFN8zbrWSvbSQ40PI,2021-10-25,31,False,0.727,0.69,E,-5.063,Minor,0.0721,0.16,0.0,0.137,0.685,94.935,4,['Ultimo'],Remix Album,02:34,2021,October,Monday
Ed Sheeran,2step (Star.One Remix),5DKhoaXr9zqKis4SY5BiSm,2step (The Remixes),0a28QsFN8zbrWSvbSQ40PI,2021-10-25,22,False,0.669,0.916,G,-4.961,Major,0.038,0.254,0.00117,0.356,0.54,129.956,4,['Star.One'],Remix Album,03:25,2021,October,Monday
Ed Sheeran,2step (feat. Potter Payper),0uW73walIcF9UfA2G5ZfpF,2step (The Remixes),0a28QsFN8zbrWSvbSQ40PI,2021-10-25,27,False,0.726,0.671,E,-5.402,Minor,0.161,0.14,0.0,0.139,0.552,95.053,4,['Potter Payper'],Remix Album,02:33,2021,October,Monday
Ed Sheeran,2step (feat. Leto),0Ooo1Wnehm31UPovrjLRWW,2step (The Remixes),0a28QsFN8zbrWSvbSQ40PI,2021-10-25,39,False,0.73,0.701,G,-5.318,Major,0.0447,0.273,0.0,0.0657,0.522,94.97,4,['Leto'],Remix Album,02:34,2021,October,Monday
Ed Sheeran,Grade 8,3OXzT07QntlOQEZRGtJ73b,+,0W5GGnapMz0VwemQvJDqa7,2011-09-09,24,False,0.74,0.807,C,-9.976,Minor,0.0363,0.0446,4.02e-05,0.0538,0.781,101.042,4,[],Studio Album,02:59,2011,September,Friday
Ed Sheeran,I Don't Want Your Money (feat. H.E.R.),5hNGxdPZJ4tLLkbIHHVYJp,No.6 Collaborations Project,5oUZ9TEZR3wOdvqzowuNwl,2019-07-12,19,False,0.468,0.63,G#/Ab,-6.536,Minor,0.0843,0.31,0.0,0.137,0.762,91.419,4,['H.E.R.'],Studio Album,03:24,2019,July,Friday
Ed Sheeran,The City - Live at the Bedford,7JE96R5PJCWQ9Cm3JQXYuH,Live at the Bedford,4JUtnlZKdLr01xEIymhm0G,2011-12-09,23,False,0.602,0.8,G,-5.91,Major,0.0734,0.545,0.0,0.656,0.81,109.921,4,[],Extended Play,05:07,2011,December,Friday
Ed Sheeran,Best Part of Me (feat. YEBBA),5MLjVCMjJKwXLk6JmPeOPe,No.6 Collaborations Project,5oUZ9TEZR3wOdvqzowuNwl,2019-07-12,21,False,0.565,0.243,D,-8.367,Major,0.0317,0.758,8.82e-06,0.285,0.239,81.655,4,['Yebba'],Studio Album,04:03,2019,July,Friday
Ed Sheeran,2step (feat. Budjerah),5viJfHHj5qnP55zoEWMh97,2step (feat. Budjerah),3wd91jE2MWmMsHjAP4TA7v,2022-05-11,34,False,0.727,0.621,E,-4.784,Minor,0.0555,0.212,0.0,0.114,0.565,94.958,4,['Budjerah'],Single,02:33,2022,May,Wednesday
Ed Sheeran,I See Fire,5sEniRGwTpO7N2y6xzDxdK,I See Fire,2tqkQRuXP7dxLsAs0UebLP,2015-09-04,24,False,0.422,0.737,G,-8.603,Minor,0.109,0.366,0.000554,0.379,0.148,77.017,4,['Sol3 Mio'],Single,04:10,2015,September,Friday
Ed Sheeran,"You Need Me, I Don't Need You - Spotify Sessions",5OebvB477bOvqMgbsracwL,Spotify Session,3Zao4egmTSVP5LfAhHO4o1,2011-01-01,20,False,0.68,0.286,D,-16.237,Major,0.441,0.417,0.0,0.699,0.916,111.734,4,[],Extended Play,03:14,2011,January,Saturday
Ed Sheeran,2step (Star.One Remix),2LrutkvIJOqQWj47eYNgG6,2step (Star.One Remix),5FcOvF4YukVnIkqxNcqopa,2022-05-12,28,False,0.669,0.916,G,-4.961,Major,0.038,0.254,0.00117,0.356,0.54,129.956,4,['Star.One'],Single,03:25,2022,May,Thursday
Ed Sheeran,Feels (feat. Young Thug & J Hus),2QkLuXpj8hKSfajGNVvfVX,Feels (feat. Young Thug & J Hus),35pH6Mjv5ZAZ8PAzo8I4da,2019-07-11,20,False,0.665,0.68,D,-4.899,Major,0.29,0.112,0.0,0.096,0.69,91.67,4,"['Young Thug', 'J Hus']",Single,02:30,2019,July,Thursday
Ed Sheeran,Outro,5L4bpwdJjJSx7soizxQ8bw,The Slumdon Bridge,3j70EKOaR5iVk0BPW6lowR,2011-09-09,11,True,0.669,0.765,D,-10.181,Major,0.387,0.137,0.0,0.0697,0.581,65.657,4,['Yelawolf'],Extended Play,02:16,2011,September,Friday
Ed Sheeran,1000 Nights (feat. Meek Mill & A Boogie Wit da Hoodie),6n1j8k7ApN8ZkjG2Yczyei,No.6 Collaborations Project,5oUZ9TEZR3wOdvqzowuNwl,2019-07-12,17,False,0.778,0.589,G#/Ab,-5.548,Major,0.269,0.467,0.0,0.0902,0.513,98.0,4,"['Meek Mill', 'A Boogie Wit da Hoodie']",Studio Album,03:32,2019,July,Friday
Ed Sheeran,The City,5uKC7DGVpErduk3bZVsWBA,You Need Me,6b6NoQ00gDKdOUBxRYTA7t,2009-01-01,21,False,0.689,0.369,G#/Ab,-7.183,Major,0.357,0.74,0.0,0.122,0.701,102.565,4,[],Extended Play,04:26,2009,January,Thursday
Ed Sheeran,2step (feat. Chefin),72DbvEOeqtJbKAX9GLzRER,2step (feat. Chefin),1Cu9w3jFSFKHa1YckwnUFW,2022-05-16,42,False,0.731,0.642,E,-5.106,Minor,0.0695,0.209,0.0,0.242,0.504,94.961,4,['Chefin'],Single,02:44,2022,May,Monday
Ed Sheeran,The City,6j6pSj2RdGxtnOhxHsWqQZ,+,0W5GGnapMz0VwemQvJDqa7,2011-09-09,21,False,0.74,0.505,E,-10.338,Minor,0.0674,0.0415,6.82e-05,0.0707,0.646,97.994,4,[],Studio Album,03:54,2011,September,Friday
Ed Sheeran,2step (feat. 1.Cuz),3Clcn0JjqakucsAAAMV646,2step (The Remixes),0a28QsFN8zbrWSvbSQ40PI,2021-10-25,33,True,0.674,0.663,G,-5.084,Major,0.084,0.157,0.0,0.13,0.617,94.818,4,['1.Cuz'],Remix Album,02:33,2021,October,Monday
Ed Sheeran,Feels (feat. Young Thug & J Hus),4qhw4uLzaW0TjgGvTxJ2Pu,No.6 Collaborations Project,5oUZ9TEZR3wOdvqzowuNwl,2019-07-12,17,False,0.665,0.68,D,-4.898,Major,0.291,0.112,0.0,0.096,0.69,91.667,4,"['Young Thug', 'J Hus']",Studio Album,02:30,2019,July,Friday
Ed Sheeran,2step (feat. Ellinoora),7nPp9jinMqAmiAnNfYzY7c,2step (The Remixes),0a28QsFN8zbrWSvbSQ40PI,2021-10-25,24,False,0.705,0.741,E,-4.33,Minor,0.0683,0.167,0.0,0.216,0.615,94.962,4,['Ellinoora'],Remix Album,02:33,2021,October,Monday
Ed Sheeran,2step (feat. Chefin),2t0iRmBWsSwPIv7OY8ypiZ,2step (The Remixes),0a28QsFN8zbrWSvbSQ40PI,2021-10-25,29,False,0.731,0.642,E,-5.106,Minor,0.0695,0.209,0.0,0.242,0.504,94.961,4,['Chefin'],Remix Album,02:44,2021,October,Monday
Ed Sheeran,2step (feat. Denise Chaila),5nlCMeGjtjeHkUqI43dV93,2step (The Remixes),0a28QsFN8zbrWSvbSQ40PI,2021-10-25,22,False,0.728,0.69,G,-4.788,Major,0.084,0.21,0.0,0.113,0.492,94.986,4,['Denise Chaila'],Remix Album,02:33,2021,October,Monday
Ed Sheeran,2step (feat. reezy),6Md7OetCK5pP3HzcX0ermc,2step (The Remixes),0a28QsFN8zbrWSvbSQ40PI,2021-10-25,24,False,0.734,0.68,E,-5.096,Minor,0.058,0.179,0.0,0.169,0.499,95.06,4,['reezy'],Remix Album,02:33,2021,October,Monday
Ed Sheeran,2step (feat. Denise Chaila),59GpVc1GncaTp1ObEAXmHZ,2step (feat. Denise Chaila),1SN5xrofTIKJhnd5QNprAh,2022-05-25,22,False,0.728,0.69,G,-4.788,Major,0.084,0.21,0.0,0.113,0.492,94.986,4,['Denise Chaila'],Single,02:33,2022,May,Wednesday
Ed Sheeran,2step (feat. Leto),2xrUccWenkzSak57jvxUx8,2step (The Remixes),1nqJFaKVTrCkCDaC2I1zM7,2022-05-26,13,False,0.73,0.701,G,-5.318,Major,0.0447,0.273,0.0,0.0657,0.522,94.97,4,['Leto'],Remix Album,02:34,2022,May,Thursday
Ed Sheeran,2step (feat. 1.Cuz),4lzEs26mJHbvj9TIIJZPRS,2step (feat. 1.Cuz),57FHPyAprjWD6mXaY5gE1f,2022-05-09,38,True,0.674,0.663,G,-5.084,Major,0.084,0.157,0.0,0.13,0.617,94.818,4,['1.Cuz'],Single,02:33,2022,May,Monday
Ed Sheeran,2step (feat. Ultimo),0NA1T29q7bSzLa0RE1KM3K,2step (The Remixes),1nqJFaKVTrCkCDaC2I1zM7,2022-05-26,21,False,0.727,0.69,E,-5.063,Minor,0.0721,0.16,0.0,0.137,0.685,94.935,4,['Ultimo'],Remix Album,02:34,2022,May,Thursday
Ed Sheeran,2step (feat. Ellinoora),5eDt2k9gdjk9EyNdo7MqK1,2step (feat. Ellinoora),5153aG4BHrvldWiOmbQYLF,2022-05-04,30,False,0.705,0.741,E,-4.33,Minor,0.0683,0.167,0.0,0.216,0.615,94.962,4,['Ellinoora'],Single,02:33,2022,May,Wednesday
Ed Sheeran,2step (feat. Antytila),5HfA6KNvluQJSbrgrv3gh3,2step (The Remixes),1nqJFaKVTrCkCDaC2I1zM7,2022-05-26,21,False,0.506,0.695,E,-5.185,Minor,0.105,0.235,0.0,0.151,0.599,93.75,4,['Antytila'],Remix Album,02:33,2022,May,Thursday
Ed Sheeran,2step (feat. reezy),0V2vGkDeByL2FU5f9jw80X,2step (feat. reezy),7LvbY0nXDKaLh67P2AXV0B,2022-05-18,29,False,0.734,0.68,E,-5.096,Minor,0.058,0.179,0.0,0.169,0.499,95.06,4,['reezy'],Single,02:33,2022,May,Wednesday
Ed Sheeran,2step (feat. Potter Payper),3tvwK27xjt7dkYAqO2IDHm,2step (feat. Potter Payper),0kmyJy0to0uUDEhDKFViw6,2022-05-20,23,False,0.726,0.671,E,-5.402,Minor,0.161,0.14,0.0,0.139,0.552,95.053,4,['Potter Payper'],Single,02:33,2022,May,Friday
Ed Sheeran,Intro - Spotify Sessions,1tdB5NdMqSWMpH6LV7LkRM,Spotify Session,3Zao4egmTSVP5LfAhHO4o1,2011-01-01,11,False,0.718,0.446,F#/Gb,-18.466,Major,0.958,0.505,0.0,0.217,0.127,92.076,1,[],Extended Play,00:30,2011,January,Saturday
Ed Sheeran,2step (feat. Denise Chaila),0oCTG57WgZ8P9qE80GRmtG,2step (The Remixes),1nqJFaKVTrCkCDaC2I1zM7,2022-05-26,6,False,0.728,0.69,G,-4.788,Major,0.084,0.21,0.0,0.113,0.492,94.986,4,['Denise Chaila'],Remix Album,02:33,2022,May,Thursday
Ed Sheeran,2step (feat. Budjerah),4DLbfwPQlRgSrpgi13Rzuw,2step (The Remixes),1nqJFaKVTrCkCDaC2I1zM7,2022-05-26,6,False,0.727,0.621,E,-4.784,Minor,0.0555,0.212,0.0,0.114,0.565,94.958,4,['Budjerah'],Remix Album,02:33,2022,May,Thursday
Ed Sheeran,2step (feat. Quevedo),1hrEwyF4znMWHLAErk2ktY,2step (The Remixes),1nqJFaKVTrCkCDaC2I1zM7,2022-05-26,13,False,0.72,0.709,E,-5.308,Minor,0.0827,0.171,0.0,0.141,0.537,94.99,4,['Quevedo'],Remix Album,02:33,2022,May,Thursday
Ed Sheeran,2step (Star.One Remix),1eYoE3toB7ddWII8HnY1i1,2step (The Remixes),1nqJFaKVTrCkCDaC2I1zM7,2022-05-26,5,False,0.669,0.916,G,-4.961,Major,0.038,0.254,0.00117,0.356,0.54,129.956,4,['Star.One'],Remix Album,03:25,2022,May,Thursday
Ed Sheeran,2step (feat. Ellinoora),3Cem1dtq0bNVYQNqz9h0BY,2step (The Remixes),1nqJFaKVTrCkCDaC2I1zM7,2022-05-26,11,False,0.705,0.741,E,-4.33,Minor,0.0683,0.167,0.0,0.216,0.615,94.962,4,['Ellinoora'],Remix Album,02:33,2022,May,Thursday
Ed Sheeran,Merry Christmas,055360csWJbFFGCLNxaTkx,Merry Christmas,6Zx95F2iCbj61cMOITE0ck,2022-10-14,1,False,0.594,0.935,C,-2.018,Major,0.0357,0.243,2.36e-06,0.102,0.602,113.99,4,['Elton John'],Single,03:28,2022,October,Friday
